==================== 2026-06-23T13:29:55.784411Z | 00000000-0000-0000-0000-000000000000 ====================
==================== 2026-06-23T13:29:55.785158Z | d70d0ebc-6c9d-41a0-a540-d760ce006364 ====================
13:29:55.785305 [info ]: Starting dbt LSP server
13:29:55.785418 [info ]: Connecting to LSP client on port 8000
13:29:55.793278 [info ]: Successfully connected to LSP client
13:29:55.793347 [info ]: Creating LSP service...
13:29:55.954784 [info ]: Creating LSP server...
13:29:55.954816 [info ]: Starting LSP server...
13:29:56.238399 [info ]: Loading profiles.yml
13:29:56.474700 [info ]: Waiting for lease on 'target' directory
13:29:56.966983 [info ]: Started loading project
13:29:56.969053 [info ]: Loading profiles.yml
13:29:57.030303 [info ]: Loading packages.yml
13:29:57.032831 [debug]:    Started loading packages
13:29:57.104725 [debug]:     Loaded [  0.07s] packages
13:29:57.107977 [info ]: Started parsing
13:29:58.475772 [info ]: Finished loading project [  1.51s]
13:29:58.517363 [debug]: Finished parsing models\staging\_sources.yml [  0.03s]
13:29:58.551631 [debug]: Finished parsing models\staging\stg_customers.yml [  0.03s]
13:29:58.582890 [debug]: Finished parsing models\staging\stg_orders.yml [  0.03s]
13:29:58.610725 [debug]: Finished parsing models\staging\stg_products.yml [  0.03s]
13:29:58.722485 [debug]: Finished parsing models\dimensions\dim_customers.sql [  0.02s]
13:29:58.738528 [debug]: Finished parsing models\dimensions\dim_date.sql [  0.02s]
13:29:58.754652 [debug]: Finished parsing models\dimensions\dim_employees.sql [  0.02s]
13:29:58.771976 [debug]: Finished parsing models\dimensions\dim_products.sql [  0.02s]
13:29:58.788516 [debug]: Finished parsing models\facts\fct_revenue_daily.sql [  0.02s]
13:29:58.804329 [debug]: Finished parsing models\facts\fct_sales.sql [  0.02s]
13:29:58.825816 [debug]: Finished parsing models\staging\stg_customers.sql [  0.02s]
13:29:58.841438 [debug]: Finished parsing models\staging\stg_employees.sql [  0.02s]
13:29:58.855711 [debug]: Finished parsing models\staging\stg_orders.sql [  0.01s]
13:29:58.867107 [debug]: Finished parsing models\staging\stg_products.sql [  0.01s]
13:29:58.891020 [info ]: Finished parsing [  1.78s]
13:29:58.894483 [info ]: Cached model count updated: 10 models (estimate)
13:29:58.894534 [info ]: Cached model count updated: 10 models (accurate)
13:29:58.894927 [info ]: Started scheduling
13:29:58.895798 [info ]: Finished scheduling [  0.00s]
13:29:58.895881 [debug]: Compilation - 10 nodes selected: {"model.enterprise_analytics.dim_customers", "model.enterprise_analytics.dim_date", "model.enterprise_analytics.dim_employees", "model.enterprise_analytics.dim_products", "model.enterprise_analytics.fct_revenue_daily", "model.enterprise_analytics.fct_sales", "model.enterprise_analytics.stg_customers", "model.enterprise_analytics.stg_employees", "model.enterprise_analytics.stg_orders", "model.enterprise_analytics.stg_products"}
13:29:58.896007 [info ]: Started scheduling
13:29:58.896215 [info ]: Finished scheduling [  0.00s]
13:29:58.896682 [debug]: Initializing schema store with entry: Frontier(CanonicalFqn { catalog: "SALES", schema: "STAGE", table: "RAW_PRODUCTS" }) and interval: None
13:29:58.896982 [debug]: Initializing schema store with entry: Frontier(CanonicalFqn { catalog: "SALES", schema: "STAGE", table: "RAW_ORDERS" }) and interval: None
13:29:58.897294 [debug]: Initializing schema store with entry: Frontier(CanonicalFqn { catalog: "SALES", schema: "STAGE", table: "RAW_CUSTOMERS" }) and interval: None
13:29:58.897574 [debug]: Initializing schema store with entry: Frontier(CanonicalFqn { catalog: "SALES", schema: "STAGE", table: "RAW_EMPLOYEES" }) and interval: None
13:29:58.961851 [debug]: Requesting license from https://ih492.us1.dbt.com/api/private/accounts/17878/feature-licenses/ with 1 key IDs: ["fusion-prod-2025-11-20"]
13:30:00.710727 [debug]: License successfully retrieved from remote
13:30:00.711442 [debug]: License loaded from remote server ih492.us1.dbt.com
13:30:00.713769 [debug]: License cached to file for account 17878
13:30:00.818200 [info ]: Started building task graph
13:30:00.818690 [info ]: Finished building task graph [  0.00s]
13:30:00.822446 [info ]: Started rendering (10 nodes)
13:30:00.822559 [info ]: Started model STAGE_stage.fct_revenue_daily
13:30:00.822618 [debug]: Started rendering model STAGE_stage.fct_revenue_daily
13:30:00.822685 [info ]: Started model STAGE_stage.fct_sales
13:30:00.822701 [debug]: Started rendering model STAGE_stage.fct_sales
13:30:00.822718 [info ]: Started model STAGE_stage.stg_orders
13:30:00.822730 [debug]: Started rendering model STAGE_stage.stg_orders
13:30:00.822744 [info ]: Started model STAGE_dimensions.dim_products
13:30:00.822754 [debug]: Started rendering model STAGE_dimensions.dim_products
13:30:00.822769 [info ]: Started model STAGE_stage.stg_products
13:30:00.822792 [debug]: Started rendering model STAGE_stage.stg_products
13:30:00.822806 [info ]: Started model STAGE_dimensions.dim_employees
13:30:00.822815 [debug]: Started rendering model STAGE_dimensions.dim_employees
13:30:00.822901 [info ]: Started model STAGE_stage.stg_employees
13:30:00.822934 [debug]: Started rendering model STAGE_stage.stg_employees
13:30:00.822979 [info ]: Started model STAGE_dimensions.dim_date
13:30:00.823291 [debug]: Started rendering model STAGE_dimensions.dim_date
13:30:00.823517 [info ]: Started model STAGE_dimensions.dim_customers
13:30:00.823630 [debug]: Started rendering model STAGE_dimensions.dim_customers
13:30:00.823800 [info ]: Started model STAGE_stage.stg_customers
13:30:00.823916 [debug]: Started rendering model STAGE_stage.stg_customers
13:30:00.841656 [debug]: Compiled SQL for node model.enterprise_analytics.stg_customers at target\.lsp\compiled\enterprise_analytics\models\staging\stg_customers.sql
13:30:00.842836 [debug]: Finished rendering [  0.02s] model STAGE_stage.stg_customers [success]
13:30:00.843039 [info ]: Started analyzing (10 nodes)
13:30:00.843245 [debug]: Started analyzing model STAGE_stage.stg_customers
13:30:00.852597 [debug]: Compiled SQL for node model.enterprise_analytics.dim_date at target\.lsp\compiled\enterprise_analytics\models\dimensions\dim_date.sql
13:30:00.853146 [debug]: Finished rendering [  0.03s] model STAGE_dimensions.dim_date [success]
13:30:00.853198 [debug]: Started analyzing model STAGE_dimensions.dim_date
13:30:00.858321 [debug]: Compiled SQL for node model.enterprise_analytics.stg_orders at target\.lsp\compiled\enterprise_analytics\models\staging\stg_orders.sql
13:30:00.863522 [debug]: Finished rendering [  0.04s] model STAGE_stage.stg_orders [success]
13:30:00.863621 [debug]: Started analyzing model STAGE_stage.stg_orders
13:30:00.871822 [debug]: Compiled SQL for node model.enterprise_analytics.stg_employees at target\.lsp\compiled\enterprise_analytics\models\staging\stg_employees.sql
13:30:00.872157 [debug]: Compiled SQL for node model.enterprise_analytics.stg_products at target\.lsp\compiled\enterprise_analytics\models\staging\stg_products.sql
13:30:00.872434 [debug]: Finished rendering [  0.05s] model STAGE_stage.stg_employees [success]
13:30:00.872508 [debug]: Started analyzing model STAGE_stage.stg_employees
13:30:00.877370 [debug]: Compiled SQL for node model.enterprise_analytics.fct_revenue_daily at target\.lsp\compiled\enterprise_analytics\models\facts\fct_revenue_daily.sql
13:30:00.880537 [debug]: Finished rendering [  0.06s] model STAGE_stage.fct_revenue_daily [success]
13:30:00.880715 [debug]: Started analyzing model STAGE_stage.fct_revenue_daily
13:30:00.880794 [debug]: Finished rendering [  0.06s] model STAGE_stage.stg_products [success]
13:30:00.880825 [debug]: Started analyzing model STAGE_stage.stg_products
13:30:00.887358 [debug]: Compiled SQL for node model.enterprise_analytics.dim_employees at target\.lsp\compiled\enterprise_analytics\models\dimensions\dim_employees.sql
13:30:00.887786 [debug]: Finished rendering [  0.06s] model STAGE_dimensions.dim_employees [success]
13:30:00.887886 [debug]: Started analyzing model STAGE_dimensions.dim_employees
13:30:00.888067 [debug]: Compiled SQL for node model.enterprise_analytics.dim_products at target\.lsp\compiled\enterprise_analytics\models\dimensions\dim_products.sql
13:30:00.888599 [debug]: Finished rendering [  0.07s] model STAGE_dimensions.dim_products [success]
13:30:00.888677 [debug]: Started analyzing model STAGE_dimensions.dim_products
13:30:00.890606 [debug]: Compiled SQL for node model.enterprise_analytics.dim_customers at target\.lsp\compiled\enterprise_analytics\models\dimensions\dim_customers.sql
13:30:00.891051 [debug]: Finished rendering [  0.07s] model STAGE_dimensions.dim_customers [success]
13:30:00.891112 [debug]: Started analyzing model STAGE_dimensions.dim_customers
13:30:00.892407 [debug]: Compiled SQL for node model.enterprise_analytics.fct_sales at target\.lsp\compiled\enterprise_analytics\models\facts\fct_sales.sql
13:30:00.892776 [debug]: Finished rendering [  0.07s] model STAGE_stage.fct_sales [success]
13:30:00.892812 [info ]: Finished rendering [  0.07s] (10 nodes, 0 skipped, 0 errors)
13:30:00.892857 [debug]: Started analyzing model STAGE_stage.fct_sales
13:30:00.982834 [debug]: Finished analyzing [  0.11s] model STAGE_stage.stg_employees [success]
13:30:00.985404 [info ]:  Succeeded [  0.16s] model STAGE_stage.stg_employees (view)
13:30:00.991598 [debug]: Finished analyzing [  0.14s] model STAGE_dimensions.dim_date [success]
13:30:00.991795 [info ]:  Succeeded [  0.17s] model STAGE_dimensions.dim_date (table)
13:30:00.992398 [debug]: Finished analyzing [  0.10s] model STAGE_dimensions.dim_customers [success]
13:30:00.992447 [info ]:  Succeeded [  0.17s] model STAGE_dimensions.dim_customers (table)
13:30:00.993734 [debug]: Finished analyzing [  0.15s] model STAGE_stage.stg_customers [success]
13:30:00.993793 [info ]:  Succeeded [  0.17s] model STAGE_stage.stg_customers (view)
13:30:00.996574 [debug]: Finished analyzing [  0.12s] model STAGE_stage.stg_products [success]
13:30:00.996660 [info ]:  Succeeded [  0.17s] model STAGE_stage.stg_products (view)
13:30:00.996716 [debug]: Finished analyzing [  0.11s] model STAGE_dimensions.dim_products [success]
13:30:00.996757 [info ]:  Succeeded [  0.17s] model STAGE_dimensions.dim_products (table)
13:30:00.996859 [debug]: Finished analyzing [  0.13s] model STAGE_stage.stg_orders [success]
13:30:00.996896 [info ]:  Succeeded [  0.17s] model STAGE_stage.stg_orders (view)
13:30:01.005681 [debug]: Finished analyzing [  0.12s] model STAGE_dimensions.dim_employees [success]
13:30:01.006261 [info ]:  Succeeded [  0.18s] model STAGE_dimensions.dim_employees (table)
13:30:01.019387 [debug]: Finished analyzing [  0.13s] model STAGE_stage.fct_sales [success]
13:30:01.019573 [info ]:  Succeeded [  0.20s] model STAGE_stage.fct_sales (table)
13:30:01.022415 [debug]: Finished analyzing [  0.14s] model STAGE_stage.fct_revenue_daily [success]
13:30:01.022494 [info ]: Finished analyzing [  0.18s] (10 nodes, 0 skipped, 0 errors)
13:30:01.022537 [info ]:  Succeeded [  0.20s] model STAGE_stage.fct_revenue_daily (table)
13:30:01.040789 [info ]: Started scheduling
13:30:01.040904 [info ]: Finished scheduling [  0.00s]
13:30:01.042029 [info ]: Cached model count updated: 10 models (accurate)
13:30:02.602112 [info ]: Started loading project
13:30:02.604857 [info ]: Loading profiles.yml
13:30:02.666630 [info ]: Cached model count updated: 10 models (estimate)
13:30:02.666675 [info ]: Cached model count updated: 10 models (accurate)
13:30:02.666753 [info ]: Started scheduling
13:30:02.666952 [info ]: Finished scheduling [  0.00s]
13:30:02.666986 [debug]: Compilation - 14 nodes selected: {"model.enterprise_analytics.dim_customers", "model.enterprise_analytics.dim_date", "model.enterprise_analytics.dim_employees", "model.enterprise_analytics.dim_products", "model.enterprise_analytics.fct_revenue_daily", "model.enterprise_analytics.fct_sales", "model.enterprise_analytics.stg_customers", "model.enterprise_analytics.stg_employees", "model.enterprise_analytics.stg_orders", "model.enterprise_analytics.stg_products", "seed.enterprise_analytics.raw_customers", "seed.enterprise_analytics.raw_employees", "seed.enterprise_analytics.raw_orders", "seed.enterprise_analytics.raw_products"}
13:30:02.748873 [info ]: Started building task graph
13:30:02.749046 [info ]: Finished building task graph [  0.00s]
13:30:02.749246 [info ]: Finished loading project [  0.15s]
13:30:02.811603 [info ]: Started rendering (14 nodes)
13:30:02.811672 [info ]: Started seed STAGE.raw_products
13:30:02.811695 [debug]: Started rendering seed STAGE.raw_products
13:30:02.811743 [info ]: Started seed STAGE.raw_orders
13:30:02.811768 [debug]: Started rendering seed STAGE.raw_orders
13:30:02.811789 [info ]: Started seed STAGE.raw_employees
13:30:02.811800 [debug]: Started rendering seed STAGE.raw_employees
13:30:02.811818 [info ]: Started seed STAGE.raw_customers
13:30:02.811832 [debug]: Started rendering seed STAGE.raw_customers
13:30:02.811858 [info ]: Started model STAGE_stage.fct_revenue_daily
13:30:02.811868 [debug]: Started rendering model STAGE_stage.fct_revenue_daily
13:30:02.811890 [info ]: Started model STAGE_stage.fct_sales
13:30:02.811900 [debug]: Started rendering model STAGE_stage.fct_sales
13:30:02.811930 [info ]: Started model STAGE_stage.stg_orders
13:30:02.811943 [debug]: Started rendering model STAGE_stage.stg_orders
13:30:02.811962 [info ]: Started model STAGE_dimensions.dim_products
13:30:02.811976 [debug]: Started rendering model STAGE_dimensions.dim_products
13:30:02.812000 [info ]: Started model STAGE_stage.stg_products
13:30:02.812020 [debug]: Started rendering model STAGE_stage.stg_products
13:30:02.812058 [info ]: Started model STAGE_dimensions.dim_employees
13:30:02.812071 [debug]: Started rendering model STAGE_dimensions.dim_employees
13:30:02.812106 [info ]: Started model STAGE_stage.stg_employees
13:30:02.812125 [debug]: Started rendering model STAGE_stage.stg_employees
13:30:02.812159 [info ]: Started model STAGE_dimensions.dim_date
13:30:02.812178 [debug]: Started rendering model STAGE_dimensions.dim_date
13:30:02.812216 [info ]: Started model STAGE_dimensions.dim_customers
13:30:02.812229 [debug]: Started rendering model STAGE_dimensions.dim_customers
13:30:02.812254 [info ]: Started model STAGE_stage.stg_customers
13:30:02.812271 [debug]: Started rendering model STAGE_stage.stg_customers
13:30:02.813729 [debug]: Compiled SQL for node model.enterprise_analytics.fct_revenue_daily at target\.lsp\compiled\enterprise_analytics\models\facts\fct_revenue_daily.sql
13:30:02.815044 [debug]: Compiled SQL for node model.enterprise_analytics.stg_employees at target\.lsp\compiled\enterprise_analytics\models\staging\stg_employees.sql
13:30:02.815092 [debug]: Compiled SQL for node model.enterprise_analytics.dim_products at target\.lsp\compiled\enterprise_analytics\models\dimensions\dim_products.sql
13:30:02.815155 [debug]: Compiled SQL for node model.enterprise_analytics.dim_date at target\.lsp\compiled\enterprise_analytics\models\dimensions\dim_date.sql
13:30:02.815214 [debug]: Compiled SQL for node model.enterprise_analytics.dim_customers at target\.lsp\compiled\enterprise_analytics\models\dimensions\dim_customers.sql
13:30:02.815386 [debug]: Compiled SQL for node model.enterprise_analytics.stg_customers at target\.lsp\compiled\enterprise_analytics\models\staging\stg_customers.sql
13:30:02.815662 [debug]: Finished rendering [  0.00s] seed STAGE.raw_products [success]
13:30:02.815724 [info ]:  Succeeded [  0.00s] seed  STAGE.raw_products (table)
13:30:02.815922 [debug]: Compiled SQL for node model.enterprise_analytics.fct_sales at target\.lsp\compiled\enterprise_analytics\models\facts\fct_sales.sql
13:30:02.815970 [debug]: Finished rendering [  0.00s] seed STAGE.raw_orders [success]
13:30:02.816012 [info ]:  Succeeded [  0.00s] seed  STAGE.raw_orders (table)
13:30:02.816085 [debug]: Finished rendering [  0.00s] seed STAGE.raw_employees [success]
13:30:02.816153 [info ]:  Succeeded [  0.00s] seed  STAGE.raw_employees (table)
13:30:02.816229 [debug]: Finished rendering [  0.00s] seed STAGE.raw_customers [success]
13:30:02.816278 [info ]:  Succeeded [  0.00s] seed  STAGE.raw_customers (table)
13:30:02.816360 [debug]: Finished rendering [  0.00s] model STAGE_stage.fct_revenue_daily [success]
13:30:02.816461 [info ]: Started analyzing (10 nodes)
13:30:02.816494 [debug]: Started analyzing model STAGE_stage.fct_revenue_daily
13:30:02.816557 [debug]: Finished rendering [  0.00s] model STAGE_dimensions.dim_products [success]
13:30:02.816583 [debug]: Started analyzing model STAGE_dimensions.dim_products
13:30:02.816626 [debug]: Finished rendering [  0.00s] model STAGE_stage.stg_employees [success]
13:30:02.816771 [debug]: Started analyzing model STAGE_stage.stg_employees
13:30:02.816900 [debug]: Finished rendering [  0.00s] model STAGE_dimensions.dim_date [success]
13:30:02.816959 [debug]: Started analyzing model STAGE_dimensions.dim_date
13:30:02.817021 [debug]: Finished rendering [  0.00s] model STAGE_dimensions.dim_customers [success]
13:30:02.817147 [debug]: Started analyzing model STAGE_dimensions.dim_customers
13:30:02.817256 [debug]: Finished rendering [  0.01s] model STAGE_stage.fct_sales [success]
13:30:02.817336 [debug]: Started analyzing model STAGE_stage.fct_sales
13:30:02.817410 [debug]: Finished rendering [  0.01s] model STAGE_stage.stg_customers [success]
13:30:02.817462 [debug]: Started analyzing model STAGE_stage.stg_customers
13:30:02.818331 [debug]: Finished analyzing [  0.00s] model STAGE_stage.stg_employees [success]
13:30:02.818396 [info ]:  Succeeded [  0.01s] model STAGE_stage.stg_employees (view)
13:30:02.818438 [debug]: Finished analyzing [  0.00s] model STAGE_dimensions.dim_customers [success]
13:30:02.818460 [info ]:  Succeeded [  0.01s] model STAGE_dimensions.dim_customers (table)
13:30:02.818496 [debug]: Finished analyzing [  0.00s] model STAGE_dimensions.dim_products [success]
13:30:02.818518 [info ]:  Succeeded [  0.01s] model STAGE_dimensions.dim_products (table)
13:30:02.818546 [debug]: Finished analyzing [  0.00s] model STAGE_dimensions.dim_date [success]
13:30:02.818562 [info ]:  Succeeded [  0.01s] model STAGE_dimensions.dim_date (table)
13:30:02.821223 [debug]: Compiled SQL for node model.enterprise_analytics.stg_products at target\.lsp\compiled\enterprise_analytics\models\staging\stg_products.sql
13:30:02.821588 [debug]: Compiled SQL for node model.enterprise_analytics.dim_employees at target\.lsp\compiled\enterprise_analytics\models\dimensions\dim_employees.sql
13:30:02.820074 [debug]: Finished analyzing [  0.00s] model STAGE_stage.stg_customers [success]
13:30:02.823073 [info ]:  Succeeded [  0.01s] model STAGE_stage.stg_customers (view)
13:30:02.823146 [debug]: Finished rendering [  0.01s] model STAGE_stage.stg_products [success]
13:30:02.823190 [debug]: Started analyzing model STAGE_stage.stg_products
13:30:02.823231 [debug]: Finished rendering [  0.01s] model STAGE_dimensions.dim_employees [success]
13:30:02.823245 [debug]: Started analyzing model STAGE_dimensions.dim_employees
13:30:02.823267 [debug]: Finished analyzing [  0.01s] model STAGE_stage.fct_revenue_daily [success]
13:30:02.823280 [info ]:  Succeeded [  0.01s] model STAGE_stage.fct_revenue_daily (table)
13:30:02.823780 [debug]: Finished analyzing [  0.00s] model STAGE_stage.stg_products [success]
13:30:02.823807 [info ]:  Succeeded [  0.01s] model STAGE_stage.stg_products (view)
13:30:02.825195 [debug]: Compiled SQL for node model.enterprise_analytics.stg_orders at target\.lsp\compiled\enterprise_analytics\models\staging\stg_orders.sql
13:30:02.825382 [debug]: Finished rendering [  0.01s] model STAGE_stage.stg_orders [success]
13:30:02.825444 [info ]: Finished rendering [  0.01s] (14 nodes, 0 skipped, 0 errors)
13:30:02.825481 [debug]: Started analyzing model STAGE_stage.stg_orders
13:30:02.826877 [debug]: Finished analyzing [  0.00s] model STAGE_dimensions.dim_employees [success]
13:30:02.826957 [info ]:  Succeeded [  0.01s] model STAGE_dimensions.dim_employees (table)
13:30:02.827003 [debug]: Finished analyzing [  0.00s] model STAGE_stage.stg_orders [success]
13:30:02.827026 [info ]:  Succeeded [  0.01s] model STAGE_stage.stg_orders (view)
13:30:02.830960 [debug]: Finished analyzing [  0.01s] model STAGE_stage.fct_sales [success]
13:30:02.831104 [info ]: Finished analyzing [  0.01s] (10 nodes, 0 skipped, 0 errors)
13:30:02.831131 [info ]:  Succeeded [  0.02s] model STAGE_stage.fct_sales (table)
13:30:02.843652 [info ]: Started scheduling
13:30:02.843796 [info ]: Finished scheduling [  0.00s]
13:30:02.845505 [info ]: Cached model count updated: 10 models (accurate)
13:32:08.914050 [info ]: Started loading project
13:32:08.915730 [info ]: Loading profiles.yml
13:32:08.980475 [info ]: Finished loading project [  0.07s]
13:32:08.980920 [info ]: Cached model count updated: 10 models (accurate)
13:32:10.539746 [info ]: Started loading project
13:32:10.542785 [info ]: Loading profiles.yml
13:32:10.594892 [info ]: Cached model count updated: 10 models (estimate)
13:32:10.594926 [info ]: Cached model count updated: 10 models (accurate)
13:32:10.594995 [info ]: Started scheduling
13:32:10.595164 [info ]: Finished scheduling [  0.00s]
13:32:10.595188 [debug]: Compilation - 14 nodes selected: {"model.enterprise_analytics.dim_customers", "model.enterprise_analytics.dim_date", "model.enterprise_analytics.dim_employees", "model.enterprise_analytics.dim_products", "model.enterprise_analytics.fct_revenue_daily", "model.enterprise_analytics.fct_sales", "model.enterprise_analytics.stg_customers", "model.enterprise_analytics.stg_employees", "model.enterprise_analytics.stg_orders", "model.enterprise_analytics.stg_products", "seed.enterprise_analytics.raw_customers", "seed.enterprise_analytics.raw_employees", "seed.enterprise_analytics.raw_orders", "seed.enterprise_analytics.raw_products"}
13:32:10.641127 [info ]: Started building task graph
13:32:10.641238 [info ]: Finished building task graph [  0.00s]
13:32:10.641416 [info ]: Finished loading project [  0.10s]
13:32:10.646805 [info ]: Started rendering (14 nodes)
13:32:10.646849 [info ]: Started seed STAGE.raw_products
13:32:10.646864 [debug]: Started rendering seed STAGE.raw_products
13:32:10.646894 [info ]: Started seed STAGE.raw_orders
13:32:10.646902 [debug]: Started rendering seed STAGE.raw_orders
13:32:10.646912 [info ]: Started seed STAGE.raw_employees
13:32:10.646917 [debug]: Started rendering seed STAGE.raw_employees
13:32:10.646926 [info ]: Started seed STAGE.raw_customers
13:32:10.646933 [debug]: Started rendering seed STAGE.raw_customers
13:32:10.646946 [info ]: Started model STAGE_stage.fct_revenue_daily
13:32:10.646951 [debug]: Started rendering model STAGE_stage.fct_revenue_daily
13:32:10.646961 [info ]: Started model STAGE_stage.fct_sales
13:32:10.646966 [debug]: Started rendering model STAGE_stage.fct_sales
13:32:10.646976 [info ]: Started model STAGE_stage.stg_orders
13:32:10.646984 [debug]: Started rendering model STAGE_stage.stg_orders
13:32:10.646992 [info ]: Started model STAGE_dimensions.dim_products
13:32:10.646998 [debug]: Started rendering model STAGE_dimensions.dim_products
13:32:10.647009 [info ]: Started model STAGE_stage.stg_products
13:32:10.647016 [debug]: Started rendering model STAGE_stage.stg_products
13:32:10.647025 [info ]: Started model STAGE_dimensions.dim_employees
13:32:10.647030 [debug]: Started rendering model STAGE_dimensions.dim_employees
13:32:10.647040 [info ]: Started model STAGE_stage.stg_employees
13:32:10.647045 [debug]: Started rendering model STAGE_stage.stg_employees
13:32:10.647055 [info ]: Started model STAGE_dimensions.dim_date
13:32:10.647060 [debug]: Started rendering model STAGE_dimensions.dim_date
13:32:10.647073 [info ]: Started model STAGE_dimensions.dim_customers
13:32:10.647078 [debug]: Started rendering model STAGE_dimensions.dim_customers
13:32:10.647088 [info ]: Started model STAGE_stage.stg_customers
13:32:10.647096 [debug]: Started rendering model STAGE_stage.stg_customers
13:32:10.647126 [debug]: Finished rendering [  0.00s] seed STAGE.raw_products [success]
13:32:10.647151 [info ]:  Succeeded [-------] seed  STAGE.raw_products (table)
13:32:10.647171 [debug]: Finished rendering [  0.00s] seed STAGE.raw_orders [success]
13:32:10.647176 [info ]:  Succeeded [-------] seed  STAGE.raw_orders (table)
13:32:10.647184 [debug]: Finished rendering [  0.00s] seed STAGE.raw_employees [success]
13:32:10.647188 [info ]:  Succeeded [-------] seed  STAGE.raw_employees (table)
13:32:10.647197 [debug]: Finished rendering [  0.00s] seed STAGE.raw_customers [success]
13:32:10.647202 [info ]:  Succeeded [-------] seed  STAGE.raw_customers (table)
13:32:10.648180 [debug]: Compiled SQL for node model.enterprise_analytics.fct_revenue_daily at target\.lsp\compiled\enterprise_analytics\models\facts\fct_revenue_daily.sql
13:32:10.648266 [debug]: Compiled SQL for node model.enterprise_analytics.dim_date at target\.lsp\compiled\enterprise_analytics\models\dimensions\dim_date.sql
13:32:10.648265 [debug]: Compiled SQL for node model.enterprise_analytics.fct_sales at target\.lsp\compiled\enterprise_analytics\models\facts\fct_sales.sql
13:32:10.648521 [debug]: Compiled SQL for node model.enterprise_analytics.stg_employees at target\.lsp\compiled\enterprise_analytics\models\staging\stg_employees.sql
13:32:10.648538 [debug]: Finished rendering [  0.00s] model STAGE_stage.fct_revenue_daily [success]
13:32:10.648654 [info ]: Started analyzing (10 nodes)
13:32:10.648704 [debug]: Started analyzing model STAGE_stage.fct_revenue_daily
13:32:10.648759 [debug]: Finished rendering [  0.00s] model STAGE_dimensions.dim_date [success]
13:32:10.648795 [debug]: Started analyzing model STAGE_dimensions.dim_date
13:32:10.648828 [debug]: Finished rendering [  0.00s] model STAGE_stage.fct_sales [success]
13:32:10.648855 [debug]: Started analyzing model STAGE_stage.fct_sales
13:32:10.648937 [debug]: Finished rendering [  0.00s] model STAGE_stage.stg_employees [success]
13:32:10.649003 [debug]: Started analyzing model STAGE_stage.stg_employees
13:32:10.649009 [debug]: Compiled SQL for node model.enterprise_analytics.dim_products at target\.lsp\compiled\enterprise_analytics\models\dimensions\dim_products.sql
13:32:10.649695 [debug]: Compiled SQL for node model.enterprise_analytics.dim_customers at target\.lsp\compiled\enterprise_analytics\models\dimensions\dim_customers.sql
13:32:10.650185 [debug]: Finished rendering [  0.00s] model STAGE_dimensions.dim_customers [success]
13:32:10.650286 [debug]: Started analyzing model STAGE_dimensions.dim_customers
13:32:10.650367 [debug]: Finished analyzing [  0.00s] model STAGE_stage.stg_employees [success]
13:32:10.650402 [info ]:  Succeeded [  0.00s] model STAGE_stage.stg_employees (view)
13:32:10.650885 [debug]: Finished analyzing [  0.00s] model STAGE_dimensions.dim_date [success]
13:32:10.650933 [info ]:  Succeeded [  0.00s] model STAGE_dimensions.dim_date (table)
13:32:10.651167 [debug]: Finished analyzing [  0.00s] model STAGE_dimensions.dim_customers [success]
13:32:10.651211 [info ]:  Succeeded [  0.00s] model STAGE_dimensions.dim_customers (table)
13:32:10.651256 [debug]: Finished rendering [  0.00s] model STAGE_dimensions.dim_products [success]
13:32:10.651301 [debug]: Started analyzing model STAGE_dimensions.dim_products
13:32:10.651348 [debug]: Finished analyzing [  0.00s] model STAGE_stage.fct_revenue_daily [success]
13:32:10.651365 [info ]:  Succeeded [  0.00s] model STAGE_stage.fct_revenue_daily (table)
13:32:10.652131 [debug]: Compiled SQL for node model.enterprise_analytics.stg_orders at target\.lsp\compiled\enterprise_analytics\models\staging\stg_orders.sql
13:32:10.652283 [debug]: Compiled SQL for node model.enterprise_analytics.stg_products at target\.lsp\compiled\enterprise_analytics\models\staging\stg_products.sql
13:32:10.652284 [debug]: Compiled SQL for node model.enterprise_analytics.dim_employees at target\.lsp\compiled\enterprise_analytics\models\dimensions\dim_employees.sql
13:32:10.652561 [debug]: Finished rendering [  0.01s] model STAGE_stage.stg_orders [success]
13:32:10.652709 [debug]: Started analyzing model STAGE_stage.stg_orders
13:32:10.652820 [debug]: Finished analyzing [  0.00s] model STAGE_dimensions.dim_products [success]
13:32:10.652856 [info ]:  Succeeded [  0.01s] model STAGE_dimensions.dim_products (table)
13:32:10.652908 [debug]: Finished rendering [  0.01s] model STAGE_stage.stg_products [success]
13:32:10.652937 [debug]: Started analyzing model STAGE_stage.stg_products
13:32:10.652974 [debug]: Finished rendering [  0.01s] model STAGE_dimensions.dim_employees [success]
13:32:10.652993 [debug]: Started analyzing model STAGE_dimensions.dim_employees
13:32:10.653560 [debug]: Finished analyzing [  0.00s] model STAGE_stage.stg_products [success]
13:32:10.653595 [info ]:  Succeeded [  0.01s] model STAGE_stage.stg_products (view)
13:32:10.653648 [debug]: Compiled SQL for node model.enterprise_analytics.stg_customers at target\.lsp\compiled\enterprise_analytics\models\staging\stg_customers.sql
13:32:10.654213 [debug]: Finished rendering [  0.01s] model STAGE_stage.stg_customers [success]
13:32:10.654244 [info ]: Finished rendering [  0.01s] (14 nodes, 0 skipped, 0 errors)
13:32:10.654267 [debug]: Started analyzing model STAGE_stage.stg_customers
13:32:10.654552 [debug]: Finished analyzing [  0.00s] model STAGE_stage.stg_orders [success]
13:32:10.654596 [info ]:  Succeeded [  0.01s] model STAGE_stage.stg_orders (view)
13:32:10.654723 [debug]: Finished analyzing [  0.01s] model STAGE_stage.fct_sales [success]
13:32:10.654755 [info ]:  Succeeded [  0.01s] model STAGE_stage.fct_sales (table)
13:32:10.655139 [debug]: Finished analyzing [  0.00s] model STAGE_stage.stg_customers [success]
13:32:10.655182 [info ]:  Succeeded [  0.01s] model STAGE_stage.stg_customers (view)
13:32:10.655552 [debug]: Finished analyzing [  0.00s] model STAGE_dimensions.dim_employees [success]
13:32:10.655574 [info ]: Finished analyzing [  0.01s] (10 nodes, 0 skipped, 0 errors)
13:32:10.655585 [info ]:  Succeeded [  0.01s] model STAGE_dimensions.dim_employees (table)
13:32:10.662002 [info ]: Started scheduling
13:32:10.662108 [info ]: Finished scheduling [  0.00s]
13:32:10.663137 [info ]: Cached model count updated: 10 models (accurate)
==================== 2026-06-23T13:33:09.350890Z | 00000000-0000-0000-0000-000000000000 ====================
==================== 2026-06-23T13:33:09.351645Z | 84ca169b-c55c-4dfe-bd27-32cb3f8975fe ====================
13:33:09.351758 [info ]: Starting dbt LSP server
13:33:09.351965 [info ]: Connecting to LSP client on port 8000
13:33:09.362133 [info ]: Successfully connected to LSP client
13:33:09.362490 [info ]: Creating LSP service...
13:33:09.570768 [info ]: Creating LSP server...
13:33:09.570805 [info ]: Starting LSP server...
13:33:10.460794 [info ]: Loading profiles.yml
13:33:10.616951 [info ]: Started loading project
13:33:10.621231 [info ]: Loading profiles.yml
13:33:10.653483 [info ]: Loading packages.yml
13:33:10.654364 [debug]:    Started loading packages
13:33:10.710220 [debug]:     Loaded [  0.06s] packages
13:33:10.716155 [info ]: Started parsing
13:33:10.923920 [info ]: Finished loading project [  0.31s]
13:33:10.942239 [debug]: Finished parsing models\staging\_sources.yml [  0.00s]
13:33:10.943380 [debug]: Finished parsing models\staging\stg_customers.yml [  0.00s]
13:33:10.944759 [debug]: Finished parsing models\staging\stg_orders.yml [  0.00s]
13:33:10.945799 [debug]: Finished parsing models\staging\stg_products.yml [  0.00s]
13:33:10.972913 [debug]: Finished parsing models\dimensions\dim_customers.sql [  0.01s]
13:33:10.974741 [debug]: Finished parsing models\dimensions\dim_date.sql [  0.00s]
13:33:10.977993 [debug]: Finished parsing models\dimensions\dim_employees.sql [  0.00s]
13:33:10.981065 [debug]: Finished parsing models\dimensions\dim_products.sql [  0.00s]
13:33:10.985722 [debug]: Finished parsing models\facts\fct_revenue_daily.sql [  0.00s]
13:33:10.990068 [debug]: Finished parsing models\facts\fct_sales.sql [  0.01s]
13:33:10.991685 [debug]: Finished parsing models\staging\stg_customers.sql [  0.00s]
13:33:10.993773 [debug]: Finished parsing models\staging\stg_employees.sql [  0.00s]
13:33:10.995893 [debug]: Finished parsing models\staging\stg_orders.sql [  0.00s]
13:33:10.998221 [debug]: Finished parsing models\staging\stg_products.sql [  0.00s]
13:33:11.042408 [info ]: Finished parsing [  0.33s]
13:33:11.047156 [info ]: Cached model count updated: 10 models (estimate)
13:33:11.047311 [info ]: Cached model count updated: 10 models (accurate)
13:33:11.047603 [info ]: Started scheduling
13:33:11.054090 [info ]: Finished scheduling [  0.01s]
13:33:11.054541 [debug]: Compilation - 10 nodes selected: {"model.enterprise_analytics.dim_customers", "model.enterprise_analytics.dim_date", "model.enterprise_analytics.dim_employees", "model.enterprise_analytics.dim_products", "model.enterprise_analytics.fct_revenue_daily", "model.enterprise_analytics.fct_sales", "model.enterprise_analytics.stg_customers", "model.enterprise_analytics.stg_employees", "model.enterprise_analytics.stg_orders", "model.enterprise_analytics.stg_products"}
13:33:11.054705 [info ]: Started scheduling
13:33:11.056573 [info ]: Finished scheduling [  0.00s]
13:33:11.057523 [debug]: Initializing schema store with entry: Frontier(CanonicalFqn { catalog: "SALES", schema: "STAGE", table: "RAW_PRODUCTS" }) and interval: None
13:33:11.058194 [debug]: Initializing schema store with entry: Frontier(CanonicalFqn { catalog: "SALES", schema: "STAGE", table: "RAW_CUSTOMERS" }) and interval: None
13:33:11.061337 [debug]: Initializing schema store with entry: Frontier(CanonicalFqn { catalog: "SALES", schema: "STAGE", table: "RAW_EMPLOYEES" }) and interval: None
13:33:11.061465 [debug]: Initializing schema store with entry: Frontier(CanonicalFqn { catalog: "SALES", schema: "STAGE", table: "RAW_ORDERS" }) and interval: None
13:33:11.080401 [debug]: License loaded from file C:\Users\HitheshPatel\.dbt\license.17878
13:33:11.306940 [info ]: Started building task graph
13:33:11.307474 [info ]: Finished building task graph [  0.00s]
13:33:11.315053 [info ]: Started rendering (10 nodes)
13:33:11.315179 [info ]: Started model STAGE_stage.fct_revenue_daily
13:33:11.315234 [debug]: Started rendering model STAGE_stage.fct_revenue_daily
13:33:11.315304 [info ]: Started model STAGE_stage.fct_sales
13:33:11.315465 [debug]: Started rendering model STAGE_stage.fct_sales
13:33:11.315498 [info ]: Started model STAGE_stage.stg_orders
13:33:11.315513 [debug]: Started rendering model STAGE_stage.stg_orders
13:33:11.315536 [info ]: Started model STAGE_dimensions.dim_products
13:33:11.315553 [debug]: Started rendering model STAGE_dimensions.dim_products
13:33:11.315574 [info ]: Started model STAGE_stage.stg_products
13:33:11.315593 [debug]: Started rendering model STAGE_stage.stg_products
13:33:11.315613 [info ]: Started model STAGE_dimensions.dim_employees
13:33:11.315625 [debug]: Started rendering model STAGE_dimensions.dim_employees
13:33:11.315643 [info ]: Started model STAGE_stage.stg_employees
13:33:11.315660 [debug]: Started rendering model STAGE_stage.stg_employees
13:33:11.315680 [info ]: Started model STAGE_dimensions.dim_date
13:33:11.315696 [debug]: Started rendering model STAGE_dimensions.dim_date
13:33:11.315723 [info ]: Started model STAGE_dimensions.dim_customers
13:33:11.315735 [debug]: Started rendering model STAGE_dimensions.dim_customers
13:33:11.315762 [info ]: Started model STAGE_stage.stg_customers
13:33:11.315799 [debug]: Started rendering model STAGE_stage.stg_customers
13:33:11.325367 [debug]: Compiled SQL for node model.enterprise_analytics.stg_orders at target\.lsp\compiled\enterprise_analytics\models\staging\stg_orders.sql
13:33:11.326211 [debug]: Finished rendering [  0.01s] model STAGE_stage.stg_orders [success]
13:33:11.326912 [info ]: Started analyzing (10 nodes)
13:33:11.327004 [debug]: Started analyzing model STAGE_stage.stg_orders
13:33:11.335150 [debug]: Compiled SQL for node model.enterprise_analytics.fct_revenue_daily at target\.lsp\compiled\enterprise_analytics\models\facts\fct_revenue_daily.sql
13:33:11.337549 [debug]: Finished rendering [  0.02s] model STAGE_stage.fct_revenue_daily [success]
13:33:11.337848 [debug]: Started analyzing model STAGE_stage.fct_revenue_daily
13:33:11.337857 [debug]: Compiled SQL for node model.enterprise_analytics.stg_employees at target\.lsp\compiled\enterprise_analytics\models\staging\stg_employees.sql
13:33:11.338329 [debug]: Finished rendering [  0.02s] model STAGE_stage.stg_employees [success]
13:33:11.338416 [debug]: Started analyzing model STAGE_stage.stg_employees
13:33:11.339662 [debug]: Compiled SQL for node model.enterprise_analytics.fct_sales at target\.lsp\compiled\enterprise_analytics\models\facts\fct_sales.sql
13:33:11.339915 [debug]: Finished rendering [  0.02s] model STAGE_stage.fct_sales [success]
13:33:11.340009 [debug]: Started analyzing model STAGE_stage.fct_sales
13:33:11.343620 [debug]: Compiled SQL for node model.enterprise_analytics.dim_date at target\.lsp\compiled\enterprise_analytics\models\dimensions\dim_date.sql
13:33:11.344097 [debug]: Compiled SQL for node model.enterprise_analytics.dim_employees at target\.lsp\compiled\enterprise_analytics\models\dimensions\dim_employees.sql
13:33:11.344278 [debug]: Finished rendering [  0.03s] model STAGE_dimensions.dim_date [success]
13:33:11.344336 [debug]: Started analyzing model STAGE_dimensions.dim_date
13:33:11.344642 [debug]: Finished rendering [  0.03s] model STAGE_dimensions.dim_employees [success]
13:33:11.344702 [debug]: Started analyzing model STAGE_dimensions.dim_employees
13:33:11.350398 [debug]: Compiled SQL for node model.enterprise_analytics.stg_customers at target\.lsp\compiled\enterprise_analytics\models\staging\stg_customers.sql
13:33:11.353594 [debug]: Compiled SQL for node model.enterprise_analytics.dim_customers at target\.lsp\compiled\enterprise_analytics\models\dimensions\dim_customers.sql
13:33:11.354016 [debug]: Finished rendering [  0.04s] model STAGE_stage.stg_customers [success]
13:33:11.354087 [debug]: Started analyzing model STAGE_stage.stg_customers
13:33:11.354128 [debug]: Finished rendering [  0.04s] model STAGE_dimensions.dim_customers [success]
13:33:11.354146 [debug]: Started analyzing model STAGE_dimensions.dim_customers
13:33:11.356782 [debug]: Compiled SQL for node model.enterprise_analytics.dim_products at target\.lsp\compiled\enterprise_analytics\models\dimensions\dim_products.sql
13:33:11.357345 [debug]: Finished rendering [  0.04s] model STAGE_dimensions.dim_products [success]
13:33:11.357438 [debug]: Started analyzing model STAGE_dimensions.dim_products
13:33:11.369989 [debug]: Finished analyzing [  0.03s] model STAGE_stage.stg_employees [success]
13:33:11.370116 [info ]:  Succeeded [  0.05s] model STAGE_stage.stg_employees (view)
13:33:11.374966 [debug]: Finished analyzing [  0.03s] model STAGE_dimensions.dim_date [success]
13:33:11.375126 [info ]:  Succeeded [  0.06s] model STAGE_dimensions.dim_date (table)
13:33:11.376548 [debug]: Finished analyzing [  0.03s] model STAGE_dimensions.dim_employees [success]
13:33:11.376609 [info ]:  Succeeded [  0.06s] model STAGE_dimensions.dim_employees (table)
13:33:11.376894 [debug]: Finished analyzing [  0.02s] model STAGE_stage.stg_customers [success]
13:33:11.377026 [info ]:  Succeeded [  0.06s] model STAGE_stage.stg_customers (view)
13:33:11.377065 [debug]: Finished analyzing [  0.02s] model STAGE_dimensions.dim_customers [success]
13:33:11.377081 [info ]:  Succeeded [  0.06s] model STAGE_dimensions.dim_customers (table)
13:33:11.379495 [debug]: Compiled SQL for node model.enterprise_analytics.stg_products at target\.lsp\compiled\enterprise_analytics\models\staging\stg_products.sql
13:33:11.380226 [debug]: Finished analyzing [  0.02s] model STAGE_dimensions.dim_products [success]
13:33:11.380305 [info ]:  Succeeded [  0.06s] model STAGE_dimensions.dim_products (table)
13:33:11.390302 [debug]: Finished analyzing [  0.06s] model STAGE_stage.stg_orders [success]
13:33:11.390378 [info ]:  Succeeded [  0.07s] model STAGE_stage.stg_orders (view)
13:33:11.390600 [debug]: Finished rendering [  0.08s] model STAGE_stage.stg_products [success]
13:33:11.390664 [info ]: Finished rendering [  0.08s] (10 nodes, 0 skipped, 0 errors)
13:33:11.390744 [debug]: Started analyzing model STAGE_stage.stg_products
13:33:11.396989 [debug]: Finished analyzing [  0.01s] model STAGE_stage.stg_products [success]
13:33:11.397138 [info ]:  Succeeded [  0.08s] model STAGE_stage.stg_products (view)
13:33:11.418054 [debug]: Finished analyzing [  0.08s] model STAGE_stage.fct_revenue_daily [success]
13:33:11.418192 [info ]:  Succeeded [  0.10s] model STAGE_stage.fct_revenue_daily (table)
13:33:11.427221 [debug]: Finished analyzing [  0.09s] model STAGE_stage.fct_sales [success]
13:33:11.427301 [info ]: Finished analyzing [  0.10s] (10 nodes, 0 skipped, 0 errors)
13:33:11.427329 [info ]:  Succeeded [  0.11s] model STAGE_stage.fct_sales (table)
13:33:11.485819 [info ]: Started scheduling
13:33:11.485991 [info ]: Finished scheduling [  0.00s]
13:33:11.490571 [info ]: Cached model count updated: 10 models (accurate)
13:33:11.591378 [info ]: Waiting for lease on 'target' directory
13:33:12.069367 [info ]: Started loading project
13:33:12.073495 [info ]: Loading profiles.yml
13:33:12.206346 [info ]: Finished loading project [  0.14s]
13:33:12.208263 [info ]: Cached model count updated: 10 models (accurate)
13:33:12.305759 [info ]: Started scheduling
13:33:12.306120 [info ]: Finished scheduling [  0.00s]
13:33:12.445969 [info ]: Started building task graph
13:33:12.446238 [info ]: Finished building task graph [  0.00s]
13:33:12.447532 [info ]: Started rendering (1 nodes)
13:33:12.447653 [info ]: Started model STAGE_stage.fct_revenue_daily
13:33:12.447695 [debug]: Started rendering model STAGE_stage.fct_revenue_daily
13:33:12.449544 [debug]: Compiled SQL for node model.enterprise_analytics.fct_revenue_daily at target\.lsp\compiled\enterprise_analytics\models\facts\fct_revenue_daily.sql
13:33:12.450206 [debug]: Finished rendering [  0.00s] model STAGE_stage.fct_revenue_daily [success]
13:33:12.450308 [info ]: Finished rendering [  0.00s] (1 nodes, 0 skipped, 0 errors)
13:33:12.450359 [info ]: Started analyzing (1 nodes)
13:33:12.450378 [debug]: Started analyzing model STAGE_stage.fct_revenue_daily
13:33:12.454942 [debug]: Finished analyzing [  0.00s] model STAGE_stage.fct_revenue_daily [success]
13:33:12.455029 [info ]: Finished analyzing [  0.00s] (1 nodes, 0 skipped, 0 errors)
13:33:12.455094 [info ]: Started running (1 nodes)
13:33:12.455182 [info ]: Started running model STAGE_stage.fct_revenue_daily
13:33:15.772627 [debug]: Query executed on node unknown:

  
  -- Grain: one row per (order_date, customer_segment, product_category, sales_region).
-- Pre-aggregated for BI dashboard performance on enterprise revenue KPIs.
with sales as (
    select * from SALES.STAGE_stage.fct_sales
    where is_won = true
),

aggregated as (
    select
        -- grain keys
        order_date_key,
        customer_segment,
        product_category,
        revenue_type,
        sales_region,
        order_year,
        order_quarter,
        order_month,
        year_month,

        -- volume metrics
        count(distinct order_id)            as deal_count,
        count(distinct customer_key)        as unique_customers,
        sum(quantity)                       as total_units_sold,

        -- revenue metrics
        round(sum(gross_amount), 2)         as total_gross_revenue,
        round(sum(discount_amount), 2)      as total_discounts,
        round(sum(net_amount), 2)           as total_net_revenue,
        round(avg(net_amount), 2)           as avg_deal_size,

        -- profitability metrics
        round(sum(gross_profit), 2)         as total_gross_profit,
        round(avg(gross_profit_pct), 4)     as avg_gross_margin_pct,

        -- discount metrics
        round(avg(discount_pct), 4)         as avg_discount_pct,
        round(sum(discount_amount) / nullif(sum(gross_amount), 0), 4) as effective_discount_rate

    from sales
    group by 1, 2, 3, 4, 5, 6, 7, 8, 9
),

with_running_totals as (
    select
        *,
        round(
            sum(total_net_revenue) over (
                partition by customer_segment, product_category, order_year
                order by order_date_key
                rows between unbounded preceding and current row
            ),
            2
        ) as ytd_net_revenue,

        round(
            sum(total_net_revenue) over (
                partition by customer_segment, product_category, order_year, order_quarter
                order by order_date_key
                rows between unbounded preceding and current row
            ),
            2
        ) as qtd_net_revenue
    from aggregated
)

select * from with_running_totals
  
  limit 1000

13:33:15.873691 [info ]: Query show_model_enterprise_analytics_fct_revenue_daily
┌────────────────┬──────────────────┬──────────────────┬──────────────┬──────────────┬────────────┬───────────────┬─────────────┬────────────┬────────────┬──────────────────┬──────────────────┬─────────────────────┬─────────────────┬───────────────────┬───────────────┬────────────────────┬──────────────────────┬──────────────────┬─────────────────────────┬─────────────────┬─────────────────┐
│ ORDER_DATE_KEY ┆ CUSTOMER_SEGMENT ┆ PRODUCT_CATEGORY ┆ REVENUE_TYPE ┆ SALES_REGION ┆ ORDER_YEAR ┆ ORDER_QUARTER ┆ ORDER_MONTH ┆ YEAR_MONTH ┆ DEAL_COUNT ┆ UNIQUE_CUSTOMERS ┆ TOTAL_UNITS_SOLD ┆ TOTAL_GROSS_REVENUE ┆ TOTAL_DISCOUNTS ┆ TOTAL_NET_REVENUE ┆ AVG_DEAL_SIZE ┆ TOTAL_GROSS_PROFIT ┆ AVG_GROSS_MARGIN_PCT ┆ AVG_DISCOUNT_PCT ┆ EFFECTIVE_DISCOUNT_RATE ┆ YTD_NET_REVENUE ┆ QTD_NET_REVENUE │
╞════════════════╪══════════════════╪══════════════════╪══════════════╪══════════════╪════════════╪═══════════════╪═════════════╪════════════╪════════════╪══════════════════╪══════════════════╪═════════════════════╪═════════════════╪═══════════════════╪═══════════════╪════════════════════╪══════════════════════╪══════════════════╪═════════════════════════╪═════════════════╪═════════════════╡
└────────────────┴──────────────────┴──────────────────┴──────────────┴──────────────┴────────────┴───────────────┴─────────────┴────────────┴────────────┴──────────────────┴──────────────────┴─────────────────────┴─────────────────┴───────────────────┴───────────────┴────────────────────┴──────────────────────┴──────────────────┴─────────────────────────┴─────────────────┴─────────────────┘
0 rows.
13:33:15.874006 [info ]: Finished running [  3.42s] model STAGE_stage.fct_revenue_daily [success]
13:33:15.874120 [info ]: Finished running [  3.42s] (1 nodes, 0 skipped, 0 errors)
13:33:15.874141 [info ]:  Succeeded [  3.42s] model STAGE_stage.fct_revenue_daily (table)
13:33:17.459546 [info ]: Started loading project
13:33:17.463961 [info ]: Loading profiles.yml
13:33:17.570695 [info ]: Cached model count updated: 10 models (estimate)
13:33:17.570752 [info ]: Cached model count updated: 10 models (accurate)
13:33:17.570873 [info ]: Started scheduling
13:33:17.571632 [info ]: Finished scheduling [  0.00s]
13:33:17.571694 [debug]: Compilation - 14 nodes selected: {"model.enterprise_analytics.dim_customers", "model.enterprise_analytics.dim_date", "model.enterprise_analytics.dim_employees", "model.enterprise_analytics.dim_products", "model.enterprise_analytics.fct_revenue_daily", "model.enterprise_analytics.fct_sales", "model.enterprise_analytics.stg_customers", "model.enterprise_analytics.stg_employees", "model.enterprise_analytics.stg_orders", "model.enterprise_analytics.stg_products", "seed.enterprise_analytics.raw_customers", "seed.enterprise_analytics.raw_employees", "seed.enterprise_analytics.raw_orders", "seed.enterprise_analytics.raw_products"}
13:33:17.744062 [info ]: Started building task graph
13:33:17.744791 [info ]: Finished building task graph [  0.00s]
13:33:17.745278 [info ]: Finished loading project [  0.29s]
13:33:17.816358 [info ]: Started rendering (14 nodes)
13:33:17.816436 [info ]: Started seed STAGE.raw_products
13:33:17.816497 [debug]: Started rendering seed STAGE.raw_products
13:33:17.816545 [info ]: Started seed STAGE.raw_orders
13:33:17.816560 [debug]: Started rendering seed STAGE.raw_orders
13:33:17.816583 [info ]: Started seed STAGE.raw_employees
13:33:17.816598 [debug]: Started rendering seed STAGE.raw_employees
13:33:17.822868 [info ]: Started seed STAGE.raw_customers
13:33:17.823116 [debug]: Started rendering seed STAGE.raw_customers
13:33:17.823488 [info ]: Started model STAGE_stage.fct_revenue_daily
13:33:17.823607 [debug]: Started rendering model STAGE_stage.fct_revenue_daily
13:33:17.823665 [info ]: Started model STAGE_stage.fct_sales
13:33:17.823686 [debug]: Started rendering model STAGE_stage.fct_sales
13:33:17.823741 [info ]: Started model STAGE_stage.stg_orders
13:33:17.823766 [debug]: Started rendering model STAGE_stage.stg_orders
13:33:17.824216 [info ]: Started model STAGE_dimensions.dim_products
13:33:17.825392 [debug]: Started rendering model STAGE_dimensions.dim_products
13:33:17.825880 [info ]: Started model STAGE_stage.stg_products
13:33:17.825946 [debug]: Started rendering model STAGE_stage.stg_products
13:33:17.826009 [info ]: Started model STAGE_dimensions.dim_employees
13:33:17.826030 [debug]: Started rendering model STAGE_dimensions.dim_employees
13:33:17.826067 [info ]: Started model STAGE_stage.stg_employees
13:33:17.826085 [debug]: Started rendering model STAGE_stage.stg_employees
13:33:17.826117 [info ]: Started model STAGE_dimensions.dim_date
13:33:17.826137 [debug]: Started rendering model STAGE_dimensions.dim_date
13:33:17.826169 [info ]: Started model STAGE_dimensions.dim_customers
13:33:17.826199 [debug]: Started rendering model STAGE_dimensions.dim_customers
13:33:17.826229 [info ]: Started model STAGE_stage.stg_customers
13:33:17.826246 [debug]: Started rendering model STAGE_stage.stg_customers
13:33:17.828030 [debug]: Compiled SQL for node model.enterprise_analytics.fct_sales at target\.lsp\compiled\enterprise_analytics\models\facts\fct_sales.sql
13:33:17.828140 [debug]: Compiled SQL for node model.enterprise_analytics.stg_orders at target\.lsp\compiled\enterprise_analytics\models\staging\stg_orders.sql
13:33:17.828827 [debug]: Finished rendering [  0.01s] seed STAGE.raw_products [success]
13:33:17.829404 [info ]:  Succeeded [  0.01s] seed  STAGE.raw_products (table)
13:33:17.829453 [debug]: Compiled SQL for node model.enterprise_analytics.stg_products at target\.lsp\compiled\enterprise_analytics\models\staging\stg_products.sql
13:33:17.829487 [debug]: Finished rendering [  0.01s] seed STAGE.raw_orders [success]
13:33:17.829516 [info ]:  Succeeded [  0.01s] seed  STAGE.raw_orders (table)
13:33:17.829555 [debug]: Finished rendering [  0.01s] seed STAGE.raw_employees [success]
13:33:17.829570 [info ]:  Succeeded [  0.01s] seed  STAGE.raw_employees (table)
13:33:17.829610 [debug]: Finished rendering [  0.01s] seed STAGE.raw_customers [success]
13:33:17.829633 [info ]:  Succeeded [  0.01s] seed  STAGE.raw_customers (table)
13:33:17.829666 [debug]: Finished rendering [  0.01s] model STAGE_stage.fct_sales [success]
13:33:17.829720 [info ]: Started analyzing (10 nodes)
13:33:17.829745 [debug]: Started analyzing model STAGE_stage.fct_sales
13:33:17.829786 [debug]: Finished rendering [  0.01s] model STAGE_stage.stg_orders [success]
13:33:17.829813 [debug]: Started analyzing model STAGE_stage.stg_orders
13:33:17.830010 [debug]: Finished rendering [  0.00s] model STAGE_stage.stg_products [success]
13:33:17.830045 [debug]: Started analyzing model STAGE_stage.stg_products
13:33:17.830354 [debug]: Compiled SQL for node model.enterprise_analytics.dim_employees at target\.lsp\compiled\enterprise_analytics\models\dimensions\dim_employees.sql
13:33:17.831224 [debug]: Compiled SQL for node model.enterprise_analytics.stg_employees at target\.lsp\compiled\enterprise_analytics\models\staging\stg_employees.sql
13:33:17.831544 [debug]: Finished rendering [  0.01s] model STAGE_dimensions.dim_employees [success]
13:33:17.831604 [debug]: Started analyzing model STAGE_dimensions.dim_employees
13:33:17.832000 [debug]: Compiled SQL for node model.enterprise_analytics.dim_customers at target\.lsp\compiled\enterprise_analytics\models\dimensions\dim_customers.sql
13:33:17.835854 [debug]: Finished rendering [  0.01s] model STAGE_stage.stg_employees [success]
13:33:17.835963 [debug]: Started analyzing model STAGE_stage.stg_employees
13:33:17.838204 [debug]: Finished rendering [  0.01s] model STAGE_dimensions.dim_customers [success]
13:33:17.838286 [debug]: Started analyzing model STAGE_dimensions.dim_customers
13:33:17.839967 [debug]: Compiled SQL for node model.enterprise_analytics.dim_date at target\.lsp\compiled\enterprise_analytics\models\dimensions\dim_date.sql
13:33:17.840833 [debug]: Compiled SQL for node model.enterprise_analytics.stg_customers at target\.lsp\compiled\enterprise_analytics\models\staging\stg_customers.sql
13:33:17.841478 [debug]: Compiled SQL for node model.enterprise_analytics.fct_revenue_daily at target\.lsp\compiled\enterprise_analytics\models\facts\fct_revenue_daily.sql
13:33:17.842197 [debug]: Finished rendering [  0.02s] model STAGE_dimensions.dim_date [success]
13:33:17.842275 [debug]: Started analyzing model STAGE_dimensions.dim_date
13:33:17.844399 [debug]: Finished rendering [  0.02s] model STAGE_stage.stg_customers [success]
13:33:17.845029 [debug]: Started analyzing model STAGE_stage.stg_customers
13:33:17.847073 [debug]: Compiled SQL for node model.enterprise_analytics.dim_products at target\.lsp\compiled\enterprise_analytics\models\dimensions\dim_products.sql
13:33:17.847505 [debug]: Finished rendering [  0.02s] model STAGE_stage.fct_revenue_daily [success]
13:33:17.847573 [debug]: Started analyzing model STAGE_stage.fct_revenue_daily
13:33:17.848038 [debug]: Finished analyzing [  0.01s] model STAGE_dimensions.dim_date [success]
13:33:17.848087 [info ]:  Succeeded [  0.02s] model STAGE_dimensions.dim_date (table)
13:33:17.848614 [debug]: Finished rendering [  0.02s] model STAGE_dimensions.dim_products [success]
13:33:17.848685 [info ]: Finished rendering [  0.03s] (14 nodes, 0 skipped, 0 errors)
13:33:17.848739 [debug]: Started analyzing model STAGE_dimensions.dim_products
13:33:17.851540 [debug]: Finished analyzing [  0.02s] model STAGE_dimensions.dim_employees [success]
13:33:17.851665 [info ]:  Succeeded [  0.02s] model STAGE_dimensions.dim_employees (table)
13:33:17.852663 [debug]: Finished analyzing [  0.02s] model STAGE_stage.stg_products [success]
13:33:17.852704 [info ]:  Succeeded [  0.03s] model STAGE_stage.stg_products (view)
13:33:17.853740 [debug]: Finished analyzing [  0.02s] model STAGE_stage.stg_employees [success]
13:33:17.853788 [info ]:  Succeeded [  0.03s] model STAGE_stage.stg_employees (view)
13:33:17.853903 [debug]: Finished analyzing [  0.01s] model STAGE_stage.fct_revenue_daily [success]
13:33:17.853954 [info ]:  Succeeded [  0.03s] model STAGE_stage.fct_revenue_daily (table)
13:33:17.854377 [debug]: Finished analyzing [  0.02s] model STAGE_stage.stg_orders [success]
13:33:17.854428 [info ]:  Succeeded [  0.03s] model STAGE_stage.stg_orders (view)
13:33:17.855516 [debug]: Finished analyzing [  0.01s] model STAGE_dimensions.dim_products [success]
13:33:17.855586 [info ]:  Succeeded [  0.03s] model STAGE_dimensions.dim_products (table)
13:33:17.855653 [debug]: Finished analyzing [  0.02s] model STAGE_dimensions.dim_customers [success]
13:33:17.855676 [info ]:  Succeeded [  0.03s] model STAGE_dimensions.dim_customers (table)
13:33:17.865195 [debug]: Finished analyzing [  0.02s] model STAGE_stage.stg_customers [success]
13:33:17.865534 [info ]:  Succeeded [  0.04s] model STAGE_stage.stg_customers (view)
13:33:17.876597 [debug]: Finished analyzing [  0.05s] model STAGE_stage.fct_sales [success]
13:33:17.876687 [info ]: Finished analyzing [  0.05s] (10 nodes, 0 skipped, 0 errors)
13:33:17.876809 [info ]:  Succeeded [  0.05s] model STAGE_stage.fct_sales (table)
13:33:17.896226 [info ]: Started scheduling
13:33:17.896382 [info ]: Finished scheduling [  0.00s]
13:33:17.899615 [info ]: Cached model count updated: 10 models (accurate)
13:33:23.081463 [info ]: Started loading project
13:33:23.082734 [info ]: Loading profiles.yml
13:33:23.128546 [info ]: Finished loading project [  0.05s]
13:33:23.129364 [info ]: Cached model count updated: 10 models (accurate)
13:33:23.802358 [info ]: Started loading project
13:33:23.803908 [info ]: Loading profiles.yml
13:33:23.855014 [info ]: Finished loading project [  0.05s]
13:33:23.855440 [info ]: Cached model count updated: 10 models (accurate)
13:33:23.904554 [info ]: Started scheduling
13:33:23.904769 [info ]: Finished scheduling [  0.00s]
13:33:23.995679 [info ]: Started building task graph
13:33:23.995809 [info ]: Finished building task graph [  0.00s]
13:33:23.996683 [info ]: Started rendering (1 nodes)
13:33:23.996729 [info ]: Started model STAGE_dimensions.dim_customers
13:33:23.996750 [debug]: Started rendering model STAGE_dimensions.dim_customers
13:33:23.997721 [debug]: Compiled SQL for node model.enterprise_analytics.dim_customers at target\.lsp\compiled\enterprise_analytics\models\dimensions\dim_customers.sql
13:33:23.997828 [debug]: Finished rendering [  0.00s] model STAGE_dimensions.dim_customers [success]
13:33:23.997852 [info ]: Finished rendering [  0.00s] (1 nodes, 0 skipped, 0 errors)
13:33:23.997873 [info ]: Started analyzing (1 nodes)
13:33:23.997882 [debug]: Started analyzing model STAGE_dimensions.dim_customers
13:33:23.999686 [debug]: Finished analyzing [  0.00s] model STAGE_dimensions.dim_customers [success]
13:33:23.999730 [info ]: Finished analyzing [  0.00s] (1 nodes, 0 skipped, 0 errors)
13:33:23.999758 [info ]: Started running (1 nodes)
13:33:23.999770 [info ]: Started running model STAGE_dimensions.dim_customers
13:33:25.046207 [debug]: Query executed on node unknown:

  
  with customers as (
    select * from SALES.STAGE_stage.stg_customers
),

final as (
    select
        -- surrogate key
        md5(cast(coalesce(cast(customer_id as TEXT), '_dbt_utils_surrogate_key_null_') as TEXT)) as customer_key,

        -- natural key
        customer_id,

        -- descriptive attributes
        company_name,
        industry,
        segment,
        city,
        state,
        country,
        city || ', ' || state as location,

        -- account health
        status,
        is_active,
        unit_annual_value,
        case
            when unit_annual_value >= 200000 then 'Tier 1'
            when unit_annual_value >= 75000  then 'Tier 2'
            else 'Tier 3'
        end as revenue_tier,

        -- foreign key to employee dim
        account_owner_id,

        -- audit
        created_date,
        updated_date
    from customers
)

select * from final
  
  limit 1000

13:33:25.124722 [info ]: Query show_model_enterprise_analytics_dim_customers
┌──────────────────────────────────┬─────────────┬──────────────────────┬───────────────────────┬────────────┬───────────────┬───────┬─────────┬───────────────────┬─────────┬───────────┬───────────────────┬──────────────┬──────────────────┬──────────────┬──────────────┐
│ CUSTOMER_KEY                     ┆ CUSTOMER_ID ┆ COMPANY_NAME         ┆ INDUSTRY              ┆ SEGMENT    ┆ CITY          ┆ STATE ┆ COUNTRY ┆ LOCATION          ┆ STATUS  ┆ IS_ACTIVE ┆ UNIT_ANNUAL_VALUE ┆ REVENUE_TIER ┆ ACCOUNT_OWNER_ID ┆ CREATED_DATE ┆ UPDATED_DATE │
╞══════════════════════════════════╪═════════════╪══════════════════════╪═══════════════════════╪════════════╪═══════════════╪═══════╪═════════╪═══════════════════╪═════════╪═══════════╪═══════════════════╪══════════════╪══════════════════╪══════════════╪══════════════╡
│ c4ca4238a0b923820dcc509a6f75849b ┆ 1           ┆ Apex Dynamics        ┆ Financial Services    ┆ Enterprise ┆ New York      ┆ NY    ┆ US      ┆ New York, NY      ┆ active  ┆ true      ┆ 250000.0          ┆ Tier 1       ┆ 3                ┆ 2022-01-10   ┆ 2024-11-01   │
│ c81e728d9d4c2f636f067f89cc14862c ┆ 2           ┆ BlueStar Logistics   ┆ Supply Chain          ┆ Mid-Market ┆ Chicago       ┆ IL    ┆ US      ┆ Chicago, IL       ┆ active  ┆ true      ┆ 85000.0           ┆ Tier 2       ┆ 1                ┆ 2022-03-22   ┆ 2024-09-15   │
│ eccbc87e4b5ce2fe28308fd9f2a7baf3 ┆ 3           ┆ ClearPath Healthcare ┆ Healthcare            ┆ Enterprise ┆ Boston        ┆ MA    ┆ US      ┆ Boston, MA        ┆ active  ┆ true      ┆ 320000.0          ┆ Tier 1       ┆ 4                ┆ 2021-11-05   ┆ 2025-01-20   │
│ a87ff679a2f3e71d9181a67b7542122c ┆ 4           ┆ Delta Retail Group   ┆ Retail                ┆ SMB        ┆ Austin        ┆ TX    ┆ US      ┆ Austin, TX        ┆ active  ┆ true      ┆ 32000.0           ┆ Tier 3       ┆ 2                ┆ 2023-02-14   ┆ 2024-12-01   │
│ e4da3b7fbbce2345d7772b0674a318d5 ┆ 5           ┆ Echo Technologies    ┆ Technology            ┆ Enterprise ┆ San Francisco ┆ CA    ┆ US      ┆ San Francisco, CA ┆ active  ┆ true      ┆ 410000.0          ┆ Tier 1       ┆ 5                ┆ 2021-06-30   ┆ 2025-02-10   │
│ 1679091c5a880faf6fb5e6087eb1b2dc ┆ 6           ┆ Falcon Energy        ┆ Energy                ┆ Mid-Market ┆ Houston       ┆ TX    ┆ US      ┆ Houston, TX       ┆ active  ┆ true      ┆ 120000.0          ┆ Tier 2       ┆ 1                ┆ 2022-07-18   ┆ 2024-08-22   │
│ 8f14e45fceea167a5a36dedd4bea2543 ┆ 7           ┆ Global Trade Co      ┆ Manufacturing         ┆ Enterprise ┆ Detroit       ┆ MI    ┆ US      ┆ Detroit, MI       ┆ active  ┆ true      ┆ 280000.0          ┆ Tier 1       ┆ 3                ┆ 2020-09-01   ┆ 2024-10-05   │
│ c9f0f895fb98ab9159f51fd0297e236d ┆ 8           ┆ Horizon Media        ┆ Media                 ┆ Mid-Market ┆ Los Angeles   ┆ CA    ┆ US      ┆ Los Angeles, CA   ┆ active  ┆ true      ┆ 95000.0           ┆ Tier 2       ┆ 2                ┆ 2023-01-08   ┆ 2024-11-30   │
│ 45c48cce2e2d7fbdea1afc51c7c6ad26 ┆ 9           ┆ Ironclad Insurance   ┆ Insurance             ┆ Enterprise ┆ New York      ┆ NY    ┆ US      ┆ New York, NY      ┆ active  ┆ true      ┆ 375000.0          ┆ Tier 1       ┆ 4                ┆ 2021-04-15   ┆ 2025-03-01   │
│ d3d9446802a44259755d38e6d163e820 ┆ 10          ┆ Juniper Pharma       ┆ Pharma                ┆ Enterprise ┆ Philadelphia  ┆ PA    ┆ US      ┆ Philadelphia, PA  ┆ active  ┆ true      ┆ 490000.0          ┆ Tier 1       ┆ 5                ┆ 2020-12-01   ┆ 2025-01-15   │
│ 6512bd43d9caa6e02c990b0a82652dca ┆ 11          ┆ Keystone Consulting  ┆ Professional Services ┆ Mid-Market ┆ Washington    ┆ DC    ┆ US      ┆ Washington, DC    ┆ active  ┆ true      ┆ 110000.0          ┆ Tier 2       ┆ 1                ┆ 2022-10-20   ┆ 2024-07-10   │
│ c20ad4d76fe97759aa27a0c99bff6710 ┆ 12          ┆ Luminary Education   ┆ Education             ┆ SMB        ┆ Denver        ┆ CO    ┆ US      ┆ Denver, CO        ┆ churned ┆ false     ┆ 28000.0           ┆ Tier 3       ┆ 2                ┆ 2023-05-03   ┆ 2024-06-01   │
│ c51ce410c124a10e0db5e4b97fc2af39 ┆ 13          ┆ Monarch Automotive   ┆ Automotive            ┆ Enterprise ┆ Nashville     ┆ TN    ┆ US      ┆ Nashville, TN     ┆ active  ┆ true      ┆ 215000.0          ┆ Tier 1       ┆ 3                ┆ 2022-02-28   ┆ 2024-12-15   │
│ aab3238922bcc25a6f606eb525ffdc56 ┆ 14          ┆ Nova Construction    ┆ Construction          ┆ SMB        ┆ Phoenix       ┆ AZ    ┆ US      ┆ Phoenix, AZ       ┆ active  ┆ true      ┆ 45000.0           ┆ Tier 3       ┆ 1                ┆ 2023-08-12   ┆ 2024-09-01   │
│ 9bf31c7ff062936a96d3c8bd1f8f2ff3 ┆ 15          ┆ Olympus Banking      ┆ Financial Services    ┆ Enterprise ┆ Charlotte     ┆ NC    ┆ US      ┆ Charlotte, NC     ┆ active  ┆ true      ┆ 550000.0          ┆ Tier 1       ┆ 4                ┆ 2020-06-15   ┆ 2025-02-28   │
│ c74d97b01eae257e44aa9d5bade97baf ┆ 16          ┆ Pinnacle Software    ┆ Technology            ┆ Mid-Market ┆ Seattle       ┆ WA    ┆ US      ┆ Seattle, WA       ┆ active  ┆ true      ┆ 130000.0          ┆ Tier 2       ┆ 5                ┆ 2022-11-30   ┆ 2024-10-20   │
│ 70efdf2ec9b086079795c442636b55fb ┆ 17          ┆ Quartz Realty        ┆ Real Estate           ┆ SMB        ┆ Miami         ┆ FL    ┆ US      ┆ Miami, FL         ┆ at-risk ┆ false     ┆ 38000.0           ┆ Tier 3       ┆ 2                ┆ 2023-03-25   ┆ 2024-08-05   │
│ 6f4922f45568161a8cdf4ad2299f6d23 ┆ 18          ┆ Redwood Agriculture  ┆ Agriculture           ┆ SMB        ┆ Sacramento    ┆ CA    ┆ US      ┆ Sacramento, CA    ┆ churned ┆ false     ┆ 22000.0           ┆ Tier 3       ┆ 1                ┆ 2023-06-10   ┆ 2024-05-15   │
│ 1f0e3dad99908345f7439f8ffabdffc4 ┆ 19          ┆ Sterling Telecom     ┆ Telecommunications    ┆ Enterprise ┆ Dallas        ┆ TX    ┆ US      ┆ Dallas, TX        ┆ active  ┆ true      ┆ 340000.0          ┆ Tier 1       ┆ 3                ┆ 2021-08-20   ┆ 2025-01-05   │
│ 98f13708210194c475687be6106a3b84 ┆ 20          ┆ Titan Manufacturing  ┆ Manufacturing         ┆ Mid-Market ┆ Cleveland     ┆ OH    ┆ US      ┆ Cleveland, OH     ┆ active  ┆ true      ┆ 98000.0           ┆ Tier 2       ┆ 4                ┆ 2022-09-05   ┆ 2024-11-10   │
└──────────────────────────────────┴─────────────┴──────────────────────┴───────────────────────┴────────────┴───────────────┴───────┴─────────┴───────────────────┴─────────┴───────────┴───────────────────┴──────────────┴──────────────────┴──────────────┴──────────────┘
20 rows.
13:33:25.124944 [info ]: Finished running [  1.13s] model STAGE_dimensions.dim_customers [success]
13:33:25.124984 [info ]: Finished running [  1.13s] (1 nodes, 0 skipped, 0 errors)
13:33:25.125007 [info ]:  Succeeded [  1.13s] model STAGE_dimensions.dim_customers (table)
13:33:26.699878 [info ]: Started loading project
13:33:26.701514 [info ]: Loading profiles.yml
13:33:26.762901 [info ]: Cached model count updated: 10 models (estimate)
13:33:26.762937 [info ]: Cached model count updated: 10 models (accurate)
13:33:26.762986 [info ]: Started scheduling
13:33:26.763143 [info ]: Finished scheduling [  0.00s]
13:33:26.763165 [debug]: Compilation - 14 nodes selected: {"model.enterprise_analytics.dim_customers", "model.enterprise_analytics.dim_date", "model.enterprise_analytics.dim_employees", "model.enterprise_analytics.dim_products", "model.enterprise_analytics.fct_revenue_daily", "model.enterprise_analytics.fct_sales", "model.enterprise_analytics.stg_customers", "model.enterprise_analytics.stg_employees", "model.enterprise_analytics.stg_orders", "model.enterprise_analytics.stg_products", "seed.enterprise_analytics.raw_customers", "seed.enterprise_analytics.raw_employees", "seed.enterprise_analytics.raw_orders", "seed.enterprise_analytics.raw_products"}
13:33:26.811537 [info ]: Started building task graph
13:33:26.811672 [info ]: Finished building task graph [  0.00s]
13:33:26.811883 [info ]: Finished loading project [  0.11s]
13:33:26.820019 [info ]: Started rendering (14 nodes)
13:33:26.820055 [info ]: Started seed STAGE.raw_products
13:33:26.820067 [debug]: Started rendering seed STAGE.raw_products
13:33:26.820084 [info ]: Started seed STAGE.raw_orders
13:33:26.820089 [debug]: Started rendering seed STAGE.raw_orders
13:33:26.820098 [info ]: Started seed STAGE.raw_employees
13:33:26.820104 [debug]: Started rendering seed STAGE.raw_employees
13:33:26.820111 [info ]: Started seed STAGE.raw_customers
13:33:26.820116 [debug]: Started rendering seed STAGE.raw_customers
13:33:26.820127 [info ]: Started model STAGE_stage.fct_revenue_daily
13:33:26.820132 [debug]: Started rendering model STAGE_stage.fct_revenue_daily
13:33:26.820142 [info ]: Started model STAGE_stage.fct_sales
13:33:26.820146 [debug]: Started rendering model STAGE_stage.fct_sales
13:33:26.820154 [info ]: Started model STAGE_stage.stg_orders
13:33:26.820159 [debug]: Started rendering model STAGE_stage.stg_orders
13:33:26.820167 [info ]: Started model STAGE_dimensions.dim_products
13:33:26.820173 [debug]: Started rendering model STAGE_dimensions.dim_products
13:33:26.820182 [info ]: Started model STAGE_stage.stg_products
13:33:26.820187 [debug]: Started rendering model STAGE_stage.stg_products
13:33:26.820193 [info ]: Started model STAGE_dimensions.dim_employees
13:33:26.820198 [debug]: Started rendering model STAGE_dimensions.dim_employees
13:33:26.820210 [info ]: Started model STAGE_stage.stg_employees
13:33:26.820215 [debug]: Started rendering model STAGE_stage.stg_employees
13:33:26.820222 [info ]: Started model STAGE_dimensions.dim_date
13:33:26.820228 [debug]: Started rendering model STAGE_dimensions.dim_date
13:33:26.820236 [info ]: Started model STAGE_dimensions.dim_customers
13:33:26.820242 [debug]: Started rendering model STAGE_dimensions.dim_customers
13:33:26.820250 [info ]: Started model STAGE_stage.stg_customers
13:33:26.820254 [debug]: Started rendering model STAGE_stage.stg_customers
13:33:26.820327 [debug]: Finished rendering [  0.00s] seed STAGE.raw_products [success]
13:33:26.820346 [info ]:  Succeeded [-------] seed  STAGE.raw_products (table)
13:33:26.820367 [debug]: Finished rendering [  0.00s] seed STAGE.raw_orders [success]
13:33:26.820373 [info ]:  Succeeded [-------] seed  STAGE.raw_orders (table)
13:33:26.820384 [debug]: Finished rendering [  0.00s] seed STAGE.raw_employees [success]
13:33:26.820388 [info ]:  Succeeded [-------] seed  STAGE.raw_employees (table)
13:33:26.820402 [debug]: Finished rendering [  0.00s] seed STAGE.raw_customers [success]
13:33:26.820406 [info ]:  Succeeded [-------] seed  STAGE.raw_customers (table)
13:33:26.821250 [debug]: Compiled SQL for node model.enterprise_analytics.fct_revenue_daily at target\.lsp\compiled\enterprise_analytics\models\facts\fct_revenue_daily.sql
13:33:26.821343 [debug]: Finished rendering [  0.00s] model STAGE_stage.fct_revenue_daily [success]
13:33:26.821569 [debug]: Compiled SQL for node model.enterprise_analytics.dim_products at target\.lsp\compiled\enterprise_analytics\models\dimensions\dim_products.sql
13:33:26.821817 [info ]: Started analyzing (10 nodes)
13:33:26.821845 [debug]: Started analyzing model STAGE_stage.fct_revenue_daily
13:33:26.822712 [debug]: Finished rendering [  0.00s] model STAGE_dimensions.dim_products [success]
13:33:26.822802 [debug]: Started analyzing model STAGE_dimensions.dim_products
13:33:26.823353 [debug]: Compiled SQL for node model.enterprise_analytics.fct_sales at target\.lsp\compiled\enterprise_analytics\models\facts\fct_sales.sql
13:33:26.823518 [debug]: Finished analyzing [  0.00s] model STAGE_dimensions.dim_products [success]
13:33:26.823329 [debug]: Compiled SQL for node model.enterprise_analytics.stg_orders at target\.lsp\compiled\enterprise_analytics\models\staging\stg_orders.sql
13:33:26.823538 [info ]:  Succeeded [  0.00s] model STAGE_dimensions.dim_products (table)
13:33:26.823875 [debug]: Started analyzing model STAGE_stage.fct_sales
13:33:26.823922 [debug]: Finished rendering [  0.00s] model STAGE_stage.stg_orders [success]
13:33:26.823968 [debug]: Started analyzing model STAGE_stage.stg_orders
13:33:26.824131 [debug]: Finished analyzing [  0.00s] model STAGE_stage.fct_revenue_daily [success]
13:33:26.824152 [debug]: Compiled SQL for node model.enterprise_analytics.dim_date at target\.lsp\compiled\enterprise_analytics\models\dimensions\dim_date.sql
13:33:26.824157 [info ]:  Succeeded [  0.00s] model STAGE_stage.fct_revenue_daily (table)
13:33:26.824207 [debug]: Finished rendering [  0.00s] model STAGE_stage.fct_sales [success]
13:33:26.824297 [debug]: Started analyzing model STAGE_dimensions.dim_date
13:33:26.824620 [debug]: Finished rendering [  0.00s] model STAGE_dimensions.dim_date [success]
13:33:26.825006 [debug]: Compiled SQL for node model.enterprise_analytics.stg_employees at target\.lsp\compiled\enterprise_analytics\models\staging\stg_employees.sql
13:33:26.825125 [debug]: Finished rendering [  0.00s] model STAGE_stage.stg_employees [success]
13:33:26.825175 [debug]: Started analyzing model STAGE_stage.stg_employees
13:33:26.825295 [debug]: Finished analyzing [  0.00s] model STAGE_dimensions.dim_date [success]
13:33:26.825316 [info ]:  Succeeded [  0.00s] model STAGE_dimensions.dim_date (table)
13:33:26.825372 [debug]: Finished analyzing [  0.00s] model STAGE_stage.stg_orders [success]
13:33:26.825386 [info ]:  Succeeded [  0.00s] model STAGE_stage.stg_orders (view)
13:33:26.825592 [debug]: Finished analyzing [  0.00s] model STAGE_stage.stg_employees [success]
13:33:26.825652 [info ]:  Succeeded [  0.00s] model STAGE_stage.stg_employees (view)
13:33:26.825934 [debug]: Compiled SQL for node model.enterprise_analytics.dim_customers at target\.lsp\compiled\enterprise_analytics\models\dimensions\dim_customers.sql
13:33:26.826033 [debug]: Compiled SQL for node model.enterprise_analytics.stg_customers at target\.lsp\compiled\enterprise_analytics\models\staging\stg_customers.sql
13:33:26.826080 [debug]: Compiled SQL for node model.enterprise_analytics.stg_products at target\.lsp\compiled\enterprise_analytics\models\staging\stg_products.sql
13:33:26.826150 [debug]: Compiled SQL for node model.enterprise_analytics.dim_employees at target\.lsp\compiled\enterprise_analytics\models\dimensions\dim_employees.sql
13:33:26.826216 [debug]: Finished rendering [  0.01s] model STAGE_dimensions.dim_customers [success]
13:33:26.826242 [debug]: Started analyzing model STAGE_dimensions.dim_customers
13:33:26.826257 [debug]: Finished rendering [  0.01s] model STAGE_stage.stg_customers [success]
13:33:26.826265 [debug]: Started analyzing model STAGE_stage.stg_customers
13:33:26.826274 [debug]: Finished rendering [  0.01s] model STAGE_stage.stg_products [success]
13:33:26.826280 [debug]: Started analyzing model STAGE_stage.stg_products
13:33:26.826289 [debug]: Finished rendering [  0.01s] model STAGE_dimensions.dim_employees [success]
13:33:26.826296 [info ]: Finished rendering [  0.01s] (14 nodes, 0 skipped, 0 errors)
13:33:26.826303 [debug]: Started analyzing model STAGE_dimensions.dim_employees
13:33:26.826817 [debug]: Finished analyzing [  0.00s] model STAGE_stage.stg_products [success]
13:33:26.826876 [info ]:  Succeeded [  0.01s] model STAGE_stage.stg_products (view)
13:33:26.827074 [debug]: Finished analyzing [  0.00s] model STAGE_dimensions.dim_customers [success]
13:33:26.827099 [info ]:  Succeeded [  0.01s] model STAGE_dimensions.dim_customers (table)
13:33:26.827852 [debug]: Finished analyzing [  0.00s] model STAGE_stage.stg_customers [success]
13:33:26.827900 [info ]:  Succeeded [  0.01s] model STAGE_stage.stg_customers (view)
13:33:26.828667 [debug]: Finished analyzing [  0.00s] model STAGE_dimensions.dim_employees [success]
13:33:26.828758 [info ]:  Succeeded [  0.01s] model STAGE_dimensions.dim_employees (table)
13:33:26.833600 [debug]: Finished analyzing [  0.01s] model STAGE_stage.fct_sales [success]
13:33:26.833684 [info ]: Finished analyzing [  0.01s] (10 nodes, 0 skipped, 0 errors)
13:33:26.833716 [info ]:  Succeeded [  0.01s] model STAGE_stage.fct_sales (table)
13:33:26.843064 [info ]: Started scheduling
13:33:26.843176 [info ]: Finished scheduling [  0.00s]
13:33:26.844002 [info ]: Cached model count updated: 10 models (accurate)
13:33:54.114859 [info ]: Started loading project
13:33:54.117989 [info ]: Loading profiles.yml
13:33:54.168768 [info ]: Finished loading project [  0.05s]
13:33:54.169750 [info ]: Cached model count updated: 10 models (accurate)
13:33:55.721873 [info ]: Started loading project
13:33:55.726345 [info ]: Loading profiles.yml
13:33:55.793355 [info ]: Cached model count updated: 10 models (estimate)
13:33:55.793392 [info ]: Cached model count updated: 10 models (accurate)
13:33:55.793464 [info ]: Started scheduling
13:33:55.793649 [info ]: Finished scheduling [  0.00s]
13:33:55.793677 [debug]: Compilation - 14 nodes selected: {"model.enterprise_analytics.dim_customers", "model.enterprise_analytics.dim_date", "model.enterprise_analytics.dim_employees", "model.enterprise_analytics.dim_products", "model.enterprise_analytics.fct_revenue_daily", "model.enterprise_analytics.fct_sales", "model.enterprise_analytics.stg_customers", "model.enterprise_analytics.stg_employees", "model.enterprise_analytics.stg_orders", "model.enterprise_analytics.stg_products", "seed.enterprise_analytics.raw_customers", "seed.enterprise_analytics.raw_employees", "seed.enterprise_analytics.raw_orders", "seed.enterprise_analytics.raw_products"}
13:33:55.852994 [info ]: Started building task graph
13:33:55.853131 [info ]: Finished building task graph [  0.00s]
13:33:55.853620 [info ]: Finished loading project [  0.13s]
13:33:55.861218 [info ]: Started rendering (14 nodes)
13:33:55.861268 [info ]: Started seed STAGE.raw_products
13:33:55.861280 [debug]: Started rendering seed STAGE.raw_products
13:33:55.861308 [info ]: Started seed STAGE.raw_orders
13:33:55.861318 [debug]: Started rendering seed STAGE.raw_orders
13:33:55.861330 [info ]: Started seed STAGE.raw_employees
13:33:55.861339 [debug]: Started rendering seed STAGE.raw_employees
13:33:55.861350 [info ]: Started seed STAGE.raw_customers
13:33:55.861356 [debug]: Started rendering seed STAGE.raw_customers
13:33:55.861369 [info ]: Started model STAGE_stage.fct_revenue_daily
13:33:55.861376 [debug]: Started rendering model STAGE_stage.fct_revenue_daily
13:33:55.861387 [info ]: Started model STAGE_stage.fct_sales
13:33:55.861394 [debug]: Started rendering model STAGE_stage.fct_sales
13:33:55.861403 [info ]: Started model STAGE_stage.stg_orders
13:33:55.861413 [debug]: Started rendering model STAGE_stage.stg_orders
13:33:55.861426 [info ]: Started model STAGE_dimensions.dim_products
13:33:55.861434 [debug]: Started rendering model STAGE_dimensions.dim_products
13:33:55.861449 [info ]: Started model STAGE_stage.stg_products
13:33:55.861457 [debug]: Started rendering model STAGE_stage.stg_products
13:33:55.861471 [info ]: Started model STAGE_dimensions.dim_employees
13:33:55.861479 [debug]: Started rendering model STAGE_dimensions.dim_employees
13:33:55.861493 [info ]: Started model STAGE_stage.stg_employees
13:33:55.861505 [debug]: Started rendering model STAGE_stage.stg_employees
13:33:55.861520 [info ]: Started model STAGE_dimensions.dim_date
13:33:55.861537 [debug]: Started rendering model STAGE_dimensions.dim_date
13:33:55.861555 [info ]: Started model STAGE_dimensions.dim_customers
13:33:55.861563 [debug]: Started rendering model STAGE_dimensions.dim_customers
13:33:55.861576 [info ]: Started model STAGE_stage.stg_customers
13:33:55.861586 [debug]: Started rendering model STAGE_stage.stg_customers
13:33:55.861624 [debug]: Finished rendering [  0.00s] seed STAGE.raw_products [success]
13:33:55.861655 [info ]:  Succeeded [-------] seed  STAGE.raw_products (table)
13:33:55.861686 [debug]: Finished rendering [  0.00s] seed STAGE.raw_orders [success]
13:33:55.861694 [info ]:  Succeeded [-------] seed  STAGE.raw_orders (table)
13:33:55.861728 [debug]: Finished rendering [  0.00s] seed STAGE.raw_employees [success]
13:33:55.861751 [info ]:  Succeeded [-------] seed  STAGE.raw_employees (table)
13:33:55.861777 [debug]: Finished rendering [  0.00s] seed STAGE.raw_customers [success]
13:33:55.861789 [info ]:  Succeeded [-------] seed  STAGE.raw_customers (table)
13:33:55.862456 [debug]: Compiled SQL for node model.enterprise_analytics.fct_revenue_daily at target\.lsp\compiled\enterprise_analytics\models\facts\fct_revenue_daily.sql
13:33:55.862499 [debug]: Compiled SQL for node model.enterprise_analytics.fct_sales at target\.lsp\compiled\enterprise_analytics\models\facts\fct_sales.sql
13:33:55.862697 [debug]: Compiled SQL for node model.enterprise_analytics.dim_products at target\.lsp\compiled\enterprise_analytics\models\dimensions\dim_products.sql
13:33:55.863296 [debug]: Compiled SQL for node model.enterprise_analytics.stg_customers at target\.lsp\compiled\enterprise_analytics\models\staging\stg_customers.sql
13:33:55.863319 [debug]: Compiled SQL for node model.enterprise_analytics.dim_date at target\.lsp\compiled\enterprise_analytics\models\dimensions\dim_date.sql
13:33:55.863509 [debug]: Compiled SQL for node model.enterprise_analytics.stg_products at target\.lsp\compiled\enterprise_analytics\models\staging\stg_products.sql
13:33:55.863598 [debug]: Compiled SQL for node model.enterprise_analytics.dim_employees at target\.lsp\compiled\enterprise_analytics\models\dimensions\dim_employees.sql
13:33:55.863792 [debug]: Compiled SQL for node model.enterprise_analytics.stg_orders at target\.lsp\compiled\enterprise_analytics\models\staging\stg_orders.sql
13:33:55.863904 [debug]: Finished rendering [  0.00s] model STAGE_stage.fct_revenue_daily [success]
13:33:55.863969 [info ]: Started analyzing (10 nodes)
13:33:55.863979 [debug]: Compiled SQL for node model.enterprise_analytics.dim_customers at target\.lsp\compiled\enterprise_analytics\models\dimensions\dim_customers.sql
13:33:55.863989 [debug]: Started analyzing model STAGE_stage.fct_revenue_daily
13:33:55.864197 [debug]: Finished rendering [  0.00s] model STAGE_stage.fct_sales [success]
13:33:55.864244 [debug]: Started analyzing model STAGE_stage.fct_sales
13:33:55.864275 [debug]: Finished rendering [  0.00s] model STAGE_dimensions.dim_products [success]
13:33:55.864296 [debug]: Started analyzing model STAGE_dimensions.dim_products
13:33:55.864317 [debug]: Finished rendering [  0.00s] model STAGE_stage.stg_products [success]
13:33:55.864335 [debug]: Started analyzing model STAGE_stage.stg_products
13:33:55.864356 [debug]: Finished rendering [  0.00s] model STAGE_stage.stg_customers [success]
13:33:55.864369 [debug]: Started analyzing model STAGE_stage.stg_customers
13:33:55.864384 [debug]: Finished rendering [  0.00s] model STAGE_dimensions.dim_employees [success]
13:33:55.864403 [debug]: Started analyzing model STAGE_dimensions.dim_employees
13:33:55.864423 [debug]: Finished rendering [  0.00s] model STAGE_dimensions.dim_date [success]
13:33:55.864437 [debug]: Started analyzing model STAGE_dimensions.dim_date
13:33:55.864452 [debug]: Finished rendering [  0.00s] model STAGE_stage.stg_orders [success]
13:33:55.864463 [debug]: Started analyzing model STAGE_stage.stg_orders
13:33:55.864285 [debug]: Compiled SQL for node model.enterprise_analytics.stg_employees at target\.lsp\compiled\enterprise_analytics\models\staging\stg_employees.sql
13:33:55.864680 [debug]: Finished rendering [  0.00s] model STAGE_stage.stg_employees [success]
13:33:55.864741 [debug]: Started analyzing model STAGE_stage.stg_employees
13:33:55.865075 [debug]: Finished rendering [  0.00s] model STAGE_dimensions.dim_customers [success]
13:33:55.865108 [info ]: Finished rendering [  0.00s] (14 nodes, 0 skipped, 0 errors)
13:33:55.865149 [debug]: Started analyzing model STAGE_dimensions.dim_customers
13:33:55.865372 [debug]: Finished analyzing [  0.00s] model STAGE_stage.stg_products [success]
13:33:55.865420 [info ]:  Succeeded [  0.00s] model STAGE_stage.stg_products (view)
13:33:55.865515 [debug]: Finished analyzing [  0.00s] model STAGE_stage.stg_employees [success]
13:33:55.865554 [info ]:  Succeeded [  0.00s] model STAGE_stage.stg_employees (view)
13:33:55.865809 [debug]: Finished analyzing [  0.00s] model STAGE_stage.stg_customers [success]
13:33:55.865843 [info ]:  Succeeded [  0.00s] model STAGE_stage.stg_customers (view)
13:33:55.865873 [debug]: Finished analyzing [  0.00s] model STAGE_dimensions.dim_products [success]
13:33:55.865887 [info ]:  Succeeded [  0.00s] model STAGE_dimensions.dim_products (table)
13:33:55.866082 [debug]: Finished analyzing [  0.00s] model STAGE_stage.fct_revenue_daily [success]
13:33:55.866108 [info ]:  Succeeded [  0.00s] model STAGE_stage.fct_revenue_daily (table)
13:33:55.866576 [debug]: Finished analyzing [  0.00s] model STAGE_dimensions.dim_date [success]
13:33:55.866634 [info ]:  Succeeded [  0.00s] model STAGE_dimensions.dim_date (table)
13:33:55.866681 [debug]: Finished analyzing [  0.00s] model STAGE_dimensions.dim_customers [success]
13:33:55.866788 [info ]:  Succeeded [  0.00s] model STAGE_dimensions.dim_customers (table)
13:33:55.866858 [debug]: Finished analyzing [  0.00s] model STAGE_stage.stg_orders [success]
13:33:55.866902 [info ]:  Succeeded [  0.01s] model STAGE_stage.stg_orders (view)
13:33:55.867734 [debug]: Finished analyzing [  0.00s] model STAGE_dimensions.dim_employees [success]
13:33:55.867837 [info ]:  Succeeded [  0.01s] model STAGE_dimensions.dim_employees (table)
13:33:55.871821 [debug]: Finished analyzing [  0.01s] model STAGE_stage.fct_sales [success]
13:33:55.871865 [info ]: Finished analyzing [  0.01s] (10 nodes, 0 skipped, 0 errors)
13:33:55.871879 [info ]:  Succeeded [  0.01s] model STAGE_stage.fct_sales (table)
13:33:55.877292 [info ]: Started scheduling
13:33:55.877434 [info ]: Finished scheduling [  0.00s]
13:33:55.880637 [info ]: Cached model count updated: 10 models (accurate)
13:34:05.492597 [info ]: Loading profiles.yml
13:34:05.617233 [info ]: Started loading project
13:34:05.620909 [info ]: Loading profiles.yml
13:34:05.708023 [info ]: Finished loading project [  0.09s]
13:34:05.708657 [info ]: Cached model count updated: 10 models (accurate)
13:34:07.260094 [info ]: Started loading project
13:34:07.261433 [info ]: Loading profiles.yml
13:34:07.338757 [info ]: Cached model count updated: 10 models (estimate)
13:34:07.338803 [info ]: Cached model count updated: 10 models (accurate)
13:34:07.338877 [info ]: Started scheduling
13:34:07.339029 [info ]: Finished scheduling [  0.00s]
13:34:07.339066 [debug]: Compilation - 14 nodes selected: {"model.enterprise_analytics.dim_customers", "model.enterprise_analytics.dim_date", "model.enterprise_analytics.dim_employees", "model.enterprise_analytics.dim_products", "model.enterprise_analytics.fct_revenue_daily", "model.enterprise_analytics.fct_sales", "model.enterprise_analytics.stg_customers", "model.enterprise_analytics.stg_employees", "model.enterprise_analytics.stg_orders", "model.enterprise_analytics.stg_products", "seed.enterprise_analytics.raw_customers", "seed.enterprise_analytics.raw_employees", "seed.enterprise_analytics.raw_orders", "seed.enterprise_analytics.raw_products"}
13:34:07.417115 [info ]: Started building task graph
13:34:07.417249 [info ]: Finished building task graph [  0.00s]
13:34:07.417463 [info ]: Finished loading project [  0.16s]
13:34:07.442768 [info ]: Started rendering (14 nodes)
13:34:07.442825 [info ]: Started seed STAGE.raw_products
13:34:07.442852 [debug]: Started rendering seed STAGE.raw_products
13:34:07.442887 [info ]: Started seed STAGE.raw_orders
13:34:07.442899 [debug]: Started rendering seed STAGE.raw_orders
13:34:07.442913 [info ]: Started seed STAGE.raw_employees
13:34:07.442923 [debug]: Started rendering seed STAGE.raw_employees
13:34:07.442937 [info ]: Started seed STAGE.raw_customers
13:34:07.442946 [debug]: Started rendering seed STAGE.raw_customers
13:34:07.442964 [info ]: Started model STAGE_stage.fct_revenue_daily
13:34:07.442975 [debug]: Started rendering model STAGE_stage.fct_revenue_daily
13:34:07.442991 [info ]: Started model STAGE_stage.fct_sales
13:34:07.443000 [debug]: Started rendering model STAGE_stage.fct_sales
13:34:07.443013 [info ]: Started model STAGE_stage.stg_orders
13:34:07.443022 [debug]: Started rendering model STAGE_stage.stg_orders
13:34:07.443043 [info ]: Started model STAGE_dimensions.dim_products
13:34:07.443056 [debug]: Started rendering model STAGE_dimensions.dim_products
13:34:07.443075 [info ]: Started model STAGE_stage.stg_products
13:34:07.443085 [debug]: Started rendering model STAGE_stage.stg_products
13:34:07.443099 [info ]: Started model STAGE_dimensions.dim_employees
13:34:07.443113 [debug]: Started rendering model STAGE_dimensions.dim_employees
13:34:07.443132 [info ]: Started model STAGE_stage.stg_employees
13:34:07.443232 [debug]: Started rendering model STAGE_stage.stg_employees
13:34:07.443248 [info ]: Started model STAGE_dimensions.dim_date
13:34:07.443259 [debug]: Started rendering model STAGE_dimensions.dim_date
13:34:07.443271 [info ]: Started model STAGE_dimensions.dim_customers
13:34:07.443279 [debug]: Started rendering model STAGE_dimensions.dim_customers
13:34:07.443291 [info ]: Started model STAGE_stage.stg_customers
13:34:07.443301 [debug]: Started rendering model STAGE_stage.stg_customers
13:34:07.443337 [debug]: Finished rendering [  0.00s] seed STAGE.raw_products [success]
13:34:07.443359 [info ]:  Succeeded [-------] seed  STAGE.raw_products (table)
13:34:07.443385 [debug]: Finished rendering [  0.00s] seed STAGE.raw_orders [success]
13:34:07.443399 [info ]:  Succeeded [-------] seed  STAGE.raw_orders (table)
13:34:07.443418 [debug]: Finished rendering [  0.00s] seed STAGE.raw_employees [success]
13:34:07.443428 [info ]:  Succeeded [-------] seed  STAGE.raw_employees (table)
13:34:07.443443 [debug]: Finished rendering [  0.00s] seed STAGE.raw_customers [success]
13:34:07.443450 [info ]:  Succeeded [-------] seed  STAGE.raw_customers (table)
13:34:07.444075 [debug]: Compiled SQL for node model.enterprise_analytics.fct_revenue_daily at target\.lsp\compiled\enterprise_analytics\models\facts\fct_revenue_daily.sql
13:34:07.444389 [debug]: Finished rendering [  0.00s] model STAGE_stage.fct_revenue_daily [success]
13:34:07.444463 [info ]: Started analyzing (10 nodes)
13:34:07.444493 [debug]: Started analyzing model STAGE_stage.fct_revenue_daily
13:34:07.445183 [debug]: Compiled SQL for node model.enterprise_analytics.dim_products at target\.lsp\compiled\enterprise_analytics\models\dimensions\dim_products.sql
13:34:07.445970 [debug]: Compiled SQL for node model.enterprise_analytics.dim_employees at target\.lsp\compiled\enterprise_analytics\models\dimensions\dim_employees.sql
13:34:07.447014 [debug]: Compiled SQL for node model.enterprise_analytics.stg_customers at target\.lsp\compiled\enterprise_analytics\models\staging\stg_customers.sql
13:34:07.447994 [debug]: Compiled SQL for node model.enterprise_analytics.dim_date at target\.lsp\compiled\enterprise_analytics\models\dimensions\dim_date.sql
13:34:07.449062 [debug]: Finished analyzing [  0.00s] model STAGE_stage.fct_revenue_daily [success]
13:34:07.449286 [info ]:  Succeeded [  0.01s] model STAGE_stage.fct_revenue_daily (table)
13:34:07.449340 [debug]: Compiled SQL for node model.enterprise_analytics.stg_products at target\.lsp\compiled\enterprise_analytics\models\staging\stg_products.sql
13:34:07.450487 [debug]: Finished rendering [  0.01s] model STAGE_dimensions.dim_products [success]
13:34:07.450579 [debug]: Started analyzing model STAGE_dimensions.dim_products
13:34:07.450689 [debug]: Compiled SQL for node model.enterprise_analytics.stg_employees at target\.lsp\compiled\enterprise_analytics\models\staging\stg_employees.sql
13:34:07.451039 [debug]: Finished rendering [  0.01s] model STAGE_dimensions.dim_employees [success]
13:34:07.451095 [debug]: Started analyzing model STAGE_dimensions.dim_employees
13:34:07.451917 [debug]: Compiled SQL for node model.enterprise_analytics.fct_sales at target\.lsp\compiled\enterprise_analytics\models\facts\fct_sales.sql
13:34:07.452027 [debug]: Compiled SQL for node model.enterprise_analytics.dim_customers at target\.lsp\compiled\enterprise_analytics\models\dimensions\dim_customers.sql
13:34:07.452659 [debug]: Finished rendering [  0.01s] model STAGE_dimensions.dim_date [success]
13:34:07.452843 [debug]: Started analyzing model STAGE_dimensions.dim_date
13:34:07.453300 [debug]: Finished rendering [  0.01s] model STAGE_stage.stg_customers [success]
13:34:07.453357 [debug]: Started analyzing model STAGE_stage.stg_customers
13:34:07.453418 [debug]: Finished rendering [  0.01s] model STAGE_stage.stg_products [success]
13:34:07.453451 [debug]: Started analyzing model STAGE_stage.stg_products
13:34:07.453652 [debug]: Finished rendering [  0.01s] model STAGE_stage.stg_employees [success]
13:34:07.453861 [debug]: Started analyzing model STAGE_stage.stg_employees
13:34:07.454678 [debug]: Finished rendering [  0.01s] model STAGE_stage.fct_sales [success]
13:34:07.454725 [debug]: Started analyzing model STAGE_stage.fct_sales
13:34:07.454871 [debug]: Compiled SQL for node model.enterprise_analytics.stg_orders at target\.lsp\compiled\enterprise_analytics\models\staging\stg_orders.sql
13:34:07.454945 [debug]: Finished analyzing [  0.00s] model STAGE_dimensions.dim_products [success]
13:34:07.454986 [info ]:  Succeeded [  0.01s] model STAGE_dimensions.dim_products (table)
13:34:07.455059 [debug]: Finished rendering [  0.01s] model STAGE_dimensions.dim_customers [success]
13:34:07.455095 [debug]: Started analyzing model STAGE_dimensions.dim_customers
13:34:07.455668 [debug]: Finished rendering [  0.01s] model STAGE_stage.stg_orders [success]
13:34:07.455710 [info ]: Finished rendering [  0.01s] (14 nodes, 0 skipped, 0 errors)
13:34:07.455736 [debug]: Started analyzing model STAGE_stage.stg_orders
13:34:07.455769 [debug]: Finished analyzing [  0.00s] model STAGE_stage.stg_employees [success]
13:34:07.455789 [info ]:  Succeeded [  0.01s] model STAGE_stage.stg_employees (view)
13:34:07.456057 [debug]: Finished analyzing [  0.00s] model STAGE_dimensions.dim_customers [success]
13:34:07.456084 [info ]:  Succeeded [  0.01s] model STAGE_dimensions.dim_customers (table)
13:34:07.456163 [debug]: Finished analyzing [  0.00s] model STAGE_dimensions.dim_date [success]
13:34:07.456192 [info ]:  Succeeded [  0.01s] model STAGE_dimensions.dim_date (table)
13:34:07.456672 [debug]: Finished analyzing [  0.00s] model STAGE_stage.stg_products [success]
13:34:07.456717 [info ]:  Succeeded [  0.01s] model STAGE_stage.stg_products (view)
13:34:07.456819 [debug]: Finished analyzing [  0.00s] model STAGE_stage.stg_customers [success]
13:34:07.456909 [info ]:  Succeeded [  0.01s] model STAGE_stage.stg_customers (view)
13:34:07.456956 [debug]: Finished analyzing [  0.01s] model STAGE_dimensions.dim_employees [success]
13:34:07.456976 [info ]:  Succeeded [  0.01s] model STAGE_dimensions.dim_employees (table)
13:34:07.457279 [debug]: Finished analyzing [  0.00s] model STAGE_stage.stg_orders [success]
13:34:07.457316 [info ]:  Succeeded [  0.01s] model STAGE_stage.stg_orders (view)
13:34:07.460235 [debug]: Finished analyzing [  0.01s] model STAGE_stage.fct_sales [success]
13:34:07.460326 [info ]: Finished analyzing [  0.02s] (10 nodes, 0 skipped, 0 errors)
13:34:07.460393 [info ]:  Succeeded [  0.02s] model STAGE_stage.fct_sales (table)
13:34:07.471292 [info ]: Started scheduling
13:34:07.471419 [info ]: Finished scheduling [  0.00s]
13:34:07.472816 [info ]: Cached model count updated: 10 models (accurate)
14:00:21.631424 [info ]: Started loading project
14:00:21.632497 [info ]: Loading profiles.yml
14:00:21.640053 [info ]: Started loading project
14:00:21.640984 [info ]: Loading profiles.yml
14:00:21.641044 [info ]: Finished loading project [  0.01s]
14:00:21.685128 [info ]: Loading packages.yml
14:00:21.685461 [debug]:    Started loading packages
14:00:21.719418 [debug]:     Loaded [  0.03s] packages
14:00:21.721092 [info ]: Started parsing
14:00:22.863693 [info ]: Finished loading project [  1.22s]
14:00:22.868402 [debug]: Finished parsing models\dimensions\dim_customers.yml [  0.00s]
14:00:22.868786 [debug]: Finished parsing models\dimensions\dim_date.yml [  0.00s]
14:00:22.869075 [debug]: Finished parsing models\dimensions\dim_employees.yml [  0.00s]
14:00:22.869336 [debug]: Finished parsing models\dimensions\dim_products.yml [  0.00s]
14:00:22.869663 [debug]: Finished parsing models\facts\fct_revenue_daily.yml [  0.00s]
14:00:22.870085 [debug]: Finished parsing models\facts\fct_sales.yml [  0.00s]
14:00:22.870281 [debug]: Finished parsing models\staging\_sources.yml [  0.00s]
14:00:22.870580 [debug]: Finished parsing models\staging\stg_customers.yml [  0.00s]
14:00:22.870847 [debug]: Finished parsing models\staging\stg_employees.yml [  0.00s]
14:00:22.871128 [debug]: Finished parsing models\staging\stg_orders.yml [  0.00s]
14:00:22.871322 [debug]: Finished parsing models\staging\stg_products.yml [  0.00s]
14:00:22.961082 [debug]: Finished parsing models\dimensions\dim_customers.sql [  0.00s]
14:00:22.962126 [debug]: Finished parsing models\dimensions\dim_date.sql [  0.00s]
14:00:22.963934 [debug]: Finished parsing models\dimensions\dim_employees.sql [  0.00s]
14:00:22.965822 [debug]: Finished parsing models\dimensions\dim_products.sql [  0.00s]
14:00:22.966933 [debug]: Finished parsing models\facts\fct_revenue_daily.sql [  0.00s]
14:00:22.968023 [debug]: Finished parsing models\facts\fct_sales.sql [  0.00s]
14:00:22.989226 [debug]: Finished parsing models\staging\stg_customers.sql [  0.02s]
14:00:22.990073 [debug]: Finished parsing models\staging\stg_employees.sql [  0.00s]
14:00:23.011099 [debug]: Finished parsing models\staging\stg_orders.sql [  0.02s]
14:00:23.030544 [debug]: Finished parsing models\staging\stg_products.sql [  0.02s]
14:00:23.049630 [info ]: Finished parsing [  1.33s]
14:00:23.052792 [info ]: Cached model count updated: 10 models (estimate)
14:00:23.052838 [info ]: Cached model count updated: 10 models (accurate)
14:00:23.052948 [info ]: Started scheduling
14:00:23.053081 [info ]: Finished scheduling [  0.00s]
14:00:23.053116 [debug]: Compilation - 0 nodes selected: {}
14:00:23.053196 [warn ]: [NoNodesForSelectionCriteria (dbt1092)]: The selection criterion '' does not match any enabled nodes
14:00:23.053236 [warn ]: [NoNodesSelected (dbt1601)]: Nothing to do. Try checking your model configs and model specification args
14:00:23.053248 [info ]: Started scheduling
14:00:23.053379 [info ]: Finished scheduling [  0.00s]
14:00:23.053467 [debug]: Initializing schema store with entry: Frontier(CanonicalFqn { catalog: "SALES", schema: "STAGE", table: "RAW_EMPLOYEES" }) and interval: None
14:00:23.053521 [debug]: Initializing schema store with entry: Frontier(CanonicalFqn { catalog: "SALES", schema: "STAGE", table: "RAW_CUSTOMERS" }) and interval: None
14:00:23.053544 [debug]: Initializing schema store with entry: Frontier(CanonicalFqn { catalog: "SALES", schema: "STAGE", table: "RAW_ORDERS" }) and interval: None
14:00:23.053588 [debug]: Initializing schema store with entry: Frontier(CanonicalFqn { catalog: "SALES", schema: "STAGE", table: "RAW_PRODUCTS" }) and interval: None
14:00:23.114638 [info ]: Started building task graph
14:00:23.114697 [info ]: Finished building task graph [  0.00s]
14:00:23.119513 [info ]: Started scheduling
14:00:23.119592 [info ]: Finished scheduling [  0.00s]
14:00:23.122793 [info ]: Cached model count updated: 10 models (accurate)
14:00:24.802205 [info ]: Started loading project
14:00:24.803086 [info ]: Loading profiles.yml
14:00:24.835907 [info ]: Cached model count updated: 10 models (estimate)
14:00:24.835936 [info ]: Cached model count updated: 10 models (accurate)
14:00:24.835979 [info ]: Started scheduling
14:00:24.836099 [info ]: Finished scheduling [  0.00s]
14:00:24.836121 [debug]: Compilation - 14 nodes selected: {"model.enterprise_analytics.dim_customers", "model.enterprise_analytics.dim_date", "model.enterprise_analytics.dim_employees", "model.enterprise_analytics.dim_products", "model.enterprise_analytics.fct_revenue_daily", "model.enterprise_analytics.fct_sales", "model.enterprise_analytics.stg_customers", "model.enterprise_analytics.stg_employees", "model.enterprise_analytics.stg_orders", "model.enterprise_analytics.stg_products", "seed.enterprise_analytics.raw_customers", "seed.enterprise_analytics.raw_employees", "seed.enterprise_analytics.raw_orders", "seed.enterprise_analytics.raw_products"}
14:00:24.880174 [info ]: Started building task graph
14:00:24.880293 [info ]: Finished building task graph [  0.00s]
14:00:24.880666 [info ]: Finished loading project [  0.08s]
14:00:24.886044 [info ]: Started rendering (14 nodes)
14:00:24.886085 [info ]: Started seed STAGE.raw_products
14:00:24.886098 [debug]: Started rendering seed STAGE.raw_products
14:00:24.886118 [info ]: Started seed STAGE.raw_orders
14:00:24.886122 [debug]: Started rendering seed STAGE.raw_orders
14:00:24.886131 [info ]: Started seed STAGE.raw_employees
14:00:24.886140 [debug]: Started rendering seed STAGE.raw_employees
14:00:24.886147 [info ]: Started seed STAGE.raw_customers
14:00:24.886152 [debug]: Started rendering seed STAGE.raw_customers
14:00:24.886165 [info ]: Started model STAGE_stage.fct_revenue_daily
14:00:24.886171 [debug]: Started rendering model STAGE_stage.fct_revenue_daily
14:00:24.886180 [info ]: Started model STAGE_stage.fct_sales
14:00:24.886187 [debug]: Started rendering model STAGE_stage.fct_sales
14:00:24.886200 [info ]: Started model STAGE_stage.stg_orders
14:00:24.886206 [debug]: Started rendering model STAGE_stage.stg_orders
14:00:24.886217 [info ]: Started model STAGE_dimensions.dim_products
14:00:24.886223 [debug]: Started rendering model STAGE_dimensions.dim_products
14:00:24.886232 [info ]: Started model STAGE_stage.stg_products
14:00:24.886237 [debug]: Started rendering model STAGE_stage.stg_products
14:00:24.886248 [info ]: Started model STAGE_dimensions.dim_employees
14:00:24.886255 [debug]: Started rendering model STAGE_dimensions.dim_employees
14:00:24.886265 [info ]: Started model STAGE_stage.stg_employees
14:00:24.886271 [debug]: Started rendering model STAGE_stage.stg_employees
14:00:24.886279 [info ]: Started model STAGE_dimensions.dim_date
14:00:24.886286 [debug]: Started rendering model STAGE_dimensions.dim_date
14:00:24.886294 [info ]: Started model STAGE_dimensions.dim_customers
14:00:24.886301 [debug]: Started rendering model STAGE_dimensions.dim_customers
14:00:24.886312 [info ]: Started model STAGE_stage.stg_customers
14:00:24.886318 [debug]: Started rendering model STAGE_stage.stg_customers
14:00:24.886344 [debug]: Finished rendering [  0.00s] seed STAGE.raw_products [success]
14:00:24.886358 [info ]:  Succeeded [-------] seed  STAGE.raw_products (table)
14:00:24.886373 [debug]: Finished rendering [  0.00s] seed STAGE.raw_orders [success]
14:00:24.886378 [info ]:  Succeeded [-------] seed  STAGE.raw_orders (table)
14:00:24.886385 [debug]: Finished rendering [  0.00s] seed STAGE.raw_employees [success]
14:00:24.886389 [info ]:  Succeeded [-------] seed  STAGE.raw_employees (table)
14:00:24.886396 [debug]: Finished rendering [  0.00s] seed STAGE.raw_customers [success]
14:00:24.886399 [info ]:  Succeeded [-------] seed  STAGE.raw_customers (table)
14:00:24.888388 [debug]: Compiled SQL for node model.enterprise_analytics.fct_revenue_daily at target\.lsp\compiled\enterprise_analytics\models\facts\fct_revenue_daily.sql
14:00:24.889355 [debug]: Finished rendering [  0.00s] model STAGE_stage.fct_revenue_daily [success]
14:00:24.889650 [info ]: Started analyzing (10 nodes)
14:00:24.889840 [debug]: Started analyzing model STAGE_stage.fct_revenue_daily
14:00:24.891356 [debug]: Finished analyzing [  0.00s] model STAGE_stage.fct_revenue_daily [success]
14:00:24.891392 [info ]:  Succeeded [  0.00s] model STAGE_stage.fct_revenue_daily (table)
14:00:24.897657 [debug]: Compiled SQL for node model.enterprise_analytics.dim_products at target\.lsp\compiled\enterprise_analytics\models\dimensions\dim_products.sql
14:00:24.898327 [debug]: Compiled SQL for node model.enterprise_analytics.dim_customers at target\.lsp\compiled\enterprise_analytics\models\dimensions\dim_customers.sql
14:00:24.898407 [debug]: Finished rendering [  0.01s] model STAGE_dimensions.dim_products [success]
14:00:24.898440 [debug]: Started analyzing model STAGE_dimensions.dim_products
14:00:24.899246 [debug]: Finished analyzing [  0.00s] model STAGE_dimensions.dim_products [success]
14:00:24.899265 [info ]:  Succeeded [  0.01s] model STAGE_dimensions.dim_products (table)
14:00:24.899287 [debug]: Finished rendering [  0.01s] model STAGE_dimensions.dim_customers [success]
14:00:24.899301 [debug]: Started analyzing model STAGE_dimensions.dim_customers
14:00:24.899628 [debug]: Finished analyzing [  0.00s] model STAGE_dimensions.dim_customers [success]
14:00:24.899642 [info ]:  Succeeded [  0.01s] model STAGE_dimensions.dim_customers (table)
14:00:24.899892 [debug]: Compiled SQL for node model.enterprise_analytics.stg_customers at target\.lsp\compiled\enterprise_analytics\models\staging\stg_customers.sql
14:00:24.900882 [debug]: Finished rendering [  0.01s] model STAGE_stage.stg_customers [success]
14:00:24.900955 [debug]: Started analyzing model STAGE_stage.stg_customers
14:00:24.902245 [debug]: Finished analyzing [  0.00s] model STAGE_stage.stg_customers [success]
14:00:24.902286 [info ]:  Succeeded [  0.01s] model STAGE_stage.stg_customers (view)
14:00:24.904186 [debug]: Compiled SQL for node model.enterprise_analytics.stg_products at target\.lsp\compiled\enterprise_analytics\models\staging\stg_products.sql
14:00:24.905350 [debug]: Finished rendering [  0.02s] model STAGE_stage.stg_products [success]
14:00:24.905388 [debug]: Started analyzing model STAGE_stage.stg_products
14:00:24.905893 [debug]: Finished analyzing [  0.00s] model STAGE_stage.stg_products [success]
14:00:24.905909 [info ]:  Succeeded [  0.02s] model STAGE_stage.stg_products (view)
14:00:24.911398 [debug]: Compiled SQL for node model.enterprise_analytics.fct_sales at target\.lsp\compiled\enterprise_analytics\models\facts\fct_sales.sql
14:00:24.912969 [debug]: Finished rendering [  0.03s] model STAGE_stage.fct_sales [success]
14:00:24.913015 [debug]: Started analyzing model STAGE_stage.fct_sales
14:00:24.916261 [debug]: Finished analyzing [  0.00s] model STAGE_stage.fct_sales [success]
14:00:24.916292 [info ]:  Succeeded [  0.03s] model STAGE_stage.fct_sales (table)
14:00:24.919336 [debug]: Compiled SQL for node model.enterprise_analytics.dim_employees at target\.lsp\compiled\enterprise_analytics\models\dimensions\dim_employees.sql
14:00:24.919710 [debug]: Finished rendering [  0.03s] model STAGE_dimensions.dim_employees [success]
14:00:24.919753 [debug]: Started analyzing model STAGE_dimensions.dim_employees
14:00:24.920072 [debug]: Compiled SQL for node model.enterprise_analytics.stg_orders at target\.lsp\compiled\enterprise_analytics\models\staging\stg_orders.sql
14:00:24.920322 [debug]: Compiled SQL for node model.enterprise_analytics.dim_date at target\.lsp\compiled\enterprise_analytics\models\dimensions\dim_date.sql
14:00:24.920593 [debug]: Compiled SQL for node model.enterprise_analytics.stg_employees at target\.lsp\compiled\enterprise_analytics\models\staging\stg_employees.sql
14:00:24.921112 [debug]: Finished analyzing [  0.00s] model STAGE_dimensions.dim_employees [success]
14:00:24.921134 [info ]:  Succeeded [  0.03s] model STAGE_dimensions.dim_employees (table)
14:00:24.921171 [debug]: Finished rendering [  0.03s] model STAGE_dimensions.dim_date [success]
14:00:24.921190 [debug]: Started analyzing model STAGE_dimensions.dim_date
14:00:24.921530 [debug]: Finished rendering [  0.04s] model STAGE_stage.stg_orders [success]
14:00:24.921555 [debug]: Started analyzing model STAGE_stage.stg_orders
14:00:24.921670 [debug]: Finished analyzing [  0.00s] model STAGE_dimensions.dim_date [success]
14:00:24.921678 [info ]:  Succeeded [  0.03s] model STAGE_dimensions.dim_date (table)
14:00:24.921776 [debug]: Finished rendering [  0.04s] model STAGE_stage.stg_employees [success]
14:00:24.921785 [info ]: Finished rendering [  0.04s] (14 nodes, 0 skipped, 0 errors)
14:00:24.921795 [debug]: Started analyzing model STAGE_stage.stg_employees
14:00:24.921990 [debug]: Finished analyzing [  0.00s] model STAGE_stage.stg_employees [success]
14:00:24.921999 [info ]:  Succeeded [  0.04s] model STAGE_stage.stg_employees (view)
14:00:24.922441 [debug]: Finished analyzing [  0.00s] model STAGE_stage.stg_orders [success]
14:00:24.922464 [info ]: Finished analyzing [  0.03s] (10 nodes, 0 skipped, 0 errors)
14:00:24.922473 [info ]:  Succeeded [  0.04s] model STAGE_stage.stg_orders (view)
14:00:24.929327 [info ]: Started scheduling
14:00:24.929409 [info ]: Finished scheduling [  0.00s]
14:00:24.930336 [info ]: Cached model count updated: 10 models (accurate)
14:00:40.601211 [info ]: Started loading project
14:00:40.602006 [info ]: Loading profiles.yml
14:00:40.633154 [info ]: Finished loading project [  0.03s]
14:00:40.633405 [info ]: Cached model count updated: 10 models (accurate)
14:00:42.381895 [info ]: Started loading project
14:00:42.383590 [info ]: Loading profiles.yml
14:00:42.421611 [info ]: Cached model count updated: 10 models (estimate)
14:00:42.421635 [info ]: Cached model count updated: 10 models (accurate)
14:00:42.421677 [info ]: Started scheduling
14:00:42.421788 [info ]: Finished scheduling [  0.00s]
14:00:42.421849 [debug]: Compilation - 14 nodes selected: {"model.enterprise_analytics.dim_customers", "model.enterprise_analytics.dim_date", "model.enterprise_analytics.dim_employees", "model.enterprise_analytics.dim_products", "model.enterprise_analytics.fct_revenue_daily", "model.enterprise_analytics.fct_sales", "model.enterprise_analytics.stg_customers", "model.enterprise_analytics.stg_employees", "model.enterprise_analytics.stg_orders", "model.enterprise_analytics.stg_products", "seed.enterprise_analytics.raw_customers", "seed.enterprise_analytics.raw_employees", "seed.enterprise_analytics.raw_orders", "seed.enterprise_analytics.raw_products"}
14:00:42.458430 [info ]: Started building task graph
14:00:42.458531 [info ]: Finished building task graph [  0.00s]
14:00:42.458955 [info ]: Finished loading project [  0.08s]
14:00:42.463124 [info ]: Started rendering (14 nodes)
14:00:42.463165 [info ]: Started seed STAGE.raw_products
14:00:42.463176 [debug]: Started rendering seed STAGE.raw_products
14:00:42.463193 [info ]: Started seed STAGE.raw_orders
14:00:42.463199 [debug]: Started rendering seed STAGE.raw_orders
14:00:42.463207 [info ]: Started seed STAGE.raw_employees
14:00:42.463212 [debug]: Started rendering seed STAGE.raw_employees
14:00:42.463220 [info ]: Started seed STAGE.raw_customers
14:00:42.463228 [debug]: Started rendering seed STAGE.raw_customers
14:00:42.463237 [info ]: Started model STAGE_stage.fct_revenue_daily
14:00:42.463242 [debug]: Started rendering model STAGE_stage.fct_revenue_daily
14:00:42.463248 [info ]: Started model STAGE_stage.fct_sales
14:00:42.463252 [debug]: Started rendering model STAGE_stage.fct_sales
14:00:42.463260 [info ]: Started model STAGE_stage.stg_orders
14:00:42.463267 [debug]: Started rendering model STAGE_stage.stg_orders
14:00:42.463274 [info ]: Started model STAGE_dimensions.dim_products
14:00:42.463279 [debug]: Started rendering model STAGE_dimensions.dim_products
14:00:42.463286 [info ]: Started model STAGE_stage.stg_products
14:00:42.463291 [debug]: Started rendering model STAGE_stage.stg_products
14:00:42.463298 [info ]: Started model STAGE_dimensions.dim_employees
14:00:42.463303 [debug]: Started rendering model STAGE_dimensions.dim_employees
14:00:42.463309 [info ]: Started model STAGE_stage.stg_employees
14:00:42.463314 [debug]: Started rendering model STAGE_stage.stg_employees
14:00:42.463321 [info ]: Started model STAGE_dimensions.dim_date
14:00:42.463325 [debug]: Started rendering model STAGE_dimensions.dim_date
14:00:42.463332 [info ]: Started model STAGE_dimensions.dim_customers
14:00:42.463337 [debug]: Started rendering model STAGE_dimensions.dim_customers
14:00:42.463343 [info ]: Started model STAGE_stage.stg_customers
14:00:42.463348 [debug]: Started rendering model STAGE_stage.stg_customers
14:00:42.463369 [debug]: Finished rendering [  0.00s] seed STAGE.raw_products [success]
14:00:42.463383 [info ]:  Succeeded [-------] seed  STAGE.raw_products (table)
14:00:42.463397 [debug]: Finished rendering [  0.00s] seed STAGE.raw_orders [success]
14:00:42.463401 [info ]:  Succeeded [-------] seed  STAGE.raw_orders (table)
14:00:42.463407 [debug]: Finished rendering [  0.00s] seed STAGE.raw_employees [success]
14:00:42.463411 [info ]:  Succeeded [-------] seed  STAGE.raw_employees (table)
14:00:42.463417 [debug]: Finished rendering [  0.00s] seed STAGE.raw_customers [success]
14:00:42.463421 [info ]:  Succeeded [-------] seed  STAGE.raw_customers (table)
14:00:42.464022 [debug]: Compiled SQL for node model.enterprise_analytics.dim_employees at target\.lsp\compiled\enterprise_analytics\models\dimensions\dim_employees.sql
14:00:42.464085 [debug]: Compiled SQL for node model.enterprise_analytics.fct_revenue_daily at target\.lsp\compiled\enterprise_analytics\models\facts\fct_revenue_daily.sql
14:00:42.464171 [debug]: Compiled SQL for node model.enterprise_analytics.fct_sales at target\.lsp\compiled\enterprise_analytics\models\facts\fct_sales.sql
14:00:42.464213 [debug]: Compiled SQL for node model.enterprise_analytics.dim_products at target\.lsp\compiled\enterprise_analytics\models\dimensions\dim_products.sql
14:00:42.464413 [debug]: Compiled SQL for node model.enterprise_analytics.stg_orders at target\.lsp\compiled\enterprise_analytics\models\staging\stg_orders.sql
14:00:42.464450 [debug]: Finished rendering [  0.00s] model STAGE_dimensions.dim_employees [success]
14:00:42.464483 [info ]: Started analyzing (10 nodes)
14:00:42.464493 [debug]: Started analyzing model STAGE_dimensions.dim_employees
14:00:42.464556 [debug]: Finished rendering [  0.00s] model STAGE_stage.fct_sales [success]
14:00:42.464567 [debug]: Started analyzing model STAGE_stage.fct_sales
14:00:42.464601 [debug]: Finished rendering [  0.00s] model STAGE_dimensions.dim_products [success]
14:00:42.464631 [debug]: Started analyzing model STAGE_dimensions.dim_products
14:00:42.464656 [debug]: Finished rendering [  0.00s] model STAGE_stage.fct_revenue_daily [success]
14:00:42.464671 [debug]: Started analyzing model STAGE_stage.fct_revenue_daily
14:00:42.464689 [debug]: Finished rendering [  0.00s] model STAGE_stage.stg_orders [success]
14:00:42.464702 [debug]: Started analyzing model STAGE_stage.stg_orders
14:00:42.465420 [debug]: Finished analyzing [  0.00s] model STAGE_dimensions.dim_products [success]
14:00:42.465446 [info ]:  Succeeded [  0.00s] model STAGE_dimensions.dim_products (table)
14:00:42.465533 [debug]: Finished analyzing [  0.00s] model STAGE_stage.fct_revenue_daily [success]
14:00:42.465548 [info ]:  Succeeded [  0.00s] model STAGE_stage.fct_revenue_daily (table)
14:00:42.465611 [debug]: Finished analyzing [  0.00s] model STAGE_dimensions.dim_employees [success]
14:00:42.465622 [info ]:  Succeeded [  0.00s] model STAGE_dimensions.dim_employees (table)
14:00:42.465700 [debug]: Finished analyzing [  0.00s] model STAGE_stage.stg_orders [success]
14:00:42.465775 [info ]:  Succeeded [  0.00s] model STAGE_stage.stg_orders (view)
14:00:42.465965 [debug]: Compiled SQL for node model.enterprise_analytics.dim_date at target\.lsp\compiled\enterprise_analytics\models\dimensions\dim_date.sql
14:00:42.466197 [debug]: Compiled SQL for node model.enterprise_analytics.stg_customers at target\.lsp\compiled\enterprise_analytics\models\staging\stg_customers.sql
14:00:42.466359 [debug]: Compiled SQL for node model.enterprise_analytics.stg_employees at target\.lsp\compiled\enterprise_analytics\models\staging\stg_employees.sql
14:00:42.466617 [debug]: Compiled SQL for node model.enterprise_analytics.dim_customers at target\.lsp\compiled\enterprise_analytics\models\dimensions\dim_customers.sql
14:00:42.466616 [debug]: Compiled SQL for node model.enterprise_analytics.stg_products at target\.lsp\compiled\enterprise_analytics\models\staging\stg_products.sql
14:00:42.466709 [debug]: Finished rendering [  0.00s] model STAGE_dimensions.dim_date [success]
14:00:42.466755 [debug]: Started analyzing model STAGE_dimensions.dim_date
14:00:42.466791 [debug]: Finished rendering [  0.00s] model STAGE_stage.stg_customers [success]
14:00:42.466809 [debug]: Started analyzing model STAGE_stage.stg_customers
14:00:42.466827 [debug]: Finished rendering [  0.00s] model STAGE_stage.stg_employees [success]
14:00:42.466839 [debug]: Started analyzing model STAGE_stage.stg_employees
14:00:42.466854 [debug]: Finished rendering [  0.00s] model STAGE_dimensions.dim_customers [success]
14:00:42.466866 [debug]: Started analyzing model STAGE_dimensions.dim_customers
14:00:42.466884 [debug]: Finished rendering [  0.00s] model STAGE_stage.stg_products [success]
14:00:42.466894 [info ]: Finished rendering [  0.00s] (14 nodes, 0 skipped, 0 errors)
14:00:42.466908 [debug]: Started analyzing model STAGE_stage.stg_products
14:00:42.467491 [debug]: Finished analyzing [  0.00s] model STAGE_stage.stg_employees [success]
14:00:42.467519 [info ]:  Succeeded [  0.00s] model STAGE_stage.stg_employees (view)
14:00:42.467544 [debug]: Finished analyzing [  0.00s] model STAGE_dimensions.dim_customers [success]
14:00:42.467566 [info ]:  Succeeded [  0.00s] model STAGE_dimensions.dim_customers (table)
14:00:42.467585 [debug]: Finished analyzing [  0.00s] model STAGE_stage.stg_customers [success]
14:00:42.467595 [info ]:  Succeeded [  0.00s] model STAGE_stage.stg_customers (view)
14:00:42.467643 [debug]: Finished analyzing [  0.00s] model STAGE_stage.fct_sales [success]
14:00:42.467666 [info ]:  Succeeded [  0.00s] model STAGE_stage.fct_sales (table)
14:00:42.467688 [debug]: Finished analyzing [  0.00s] model STAGE_dimensions.dim_date [success]
14:00:42.467695 [info ]:  Succeeded [  0.00s] model STAGE_dimensions.dim_date (table)
14:00:42.467707 [debug]: Finished analyzing [  0.00s] model STAGE_stage.stg_products [success]
14:00:42.467712 [info ]: Finished analyzing [  0.00s] (10 nodes, 0 skipped, 0 errors)
14:00:42.467717 [info ]:  Succeeded [  0.00s] model STAGE_stage.stg_products (view)
14:00:42.471545 [info ]: Started scheduling
14:00:42.471602 [info ]: Finished scheduling [  0.00s]
14:00:42.472346 [info ]: Cached model count updated: 10 models (accurate)
14:02:26.081426 [info ]: Started loading project
14:02:26.082314 [info ]: Loading profiles.yml
14:02:26.114005 [info ]: Finished loading project [  0.03s]
14:02:26.114262 [info ]: Cached model count updated: 10 models (accurate)
14:02:27.825052 [info ]: Started loading project
14:02:27.825940 [info ]: Loading profiles.yml
14:02:27.859676 [info ]: Cached model count updated: 10 models (estimate)
14:02:27.859700 [info ]: Cached model count updated: 10 models (accurate)
14:02:27.859748 [info ]: Started scheduling
14:02:27.859857 [info ]: Finished scheduling [  0.00s]
14:02:27.859924 [debug]: Compilation - 14 nodes selected: {"model.enterprise_analytics.dim_customers", "model.enterprise_analytics.dim_date", "model.enterprise_analytics.dim_employees", "model.enterprise_analytics.dim_products", "model.enterprise_analytics.fct_revenue_daily", "model.enterprise_analytics.fct_sales", "model.enterprise_analytics.stg_customers", "model.enterprise_analytics.stg_employees", "model.enterprise_analytics.stg_orders", "model.enterprise_analytics.stg_products", "seed.enterprise_analytics.raw_customers", "seed.enterprise_analytics.raw_employees", "seed.enterprise_analytics.raw_orders", "seed.enterprise_analytics.raw_products"}
14:02:27.896584 [info ]: Started building task graph
14:02:27.896685 [info ]: Finished building task graph [  0.00s]
14:02:27.897087 [info ]: Finished loading project [  0.07s]
14:02:27.902235 [info ]: Started rendering (14 nodes)
14:02:27.902279 [info ]: Started seed STAGE.raw_products
14:02:27.902294 [debug]: Started rendering seed STAGE.raw_products
14:02:27.902317 [info ]: Started seed STAGE.raw_orders
14:02:27.902327 [debug]: Started rendering seed STAGE.raw_orders
14:02:27.902338 [info ]: Started seed STAGE.raw_employees
14:02:27.902344 [debug]: Started rendering seed STAGE.raw_employees
14:02:27.902353 [info ]: Started seed STAGE.raw_customers
14:02:27.902359 [debug]: Started rendering seed STAGE.raw_customers
14:02:27.902373 [info ]: Started model STAGE_stage.fct_revenue_daily
14:02:27.902380 [debug]: Started rendering model STAGE_stage.fct_revenue_daily
14:02:27.902391 [info ]: Started model STAGE_stage.fct_sales
14:02:27.902407 [debug]: Started rendering model STAGE_stage.fct_sales
14:02:27.902418 [info ]: Started model STAGE_stage.stg_orders
14:02:27.902426 [debug]: Started rendering model STAGE_stage.stg_orders
14:02:27.902435 [info ]: Started model STAGE_dimensions.dim_products
14:02:27.902442 [debug]: Started rendering model STAGE_dimensions.dim_products
14:02:27.902453 [info ]: Started model STAGE_stage.stg_products
14:02:27.902458 [debug]: Started rendering model STAGE_stage.stg_products
14:02:27.902469 [info ]: Started model STAGE_dimensions.dim_employees
14:02:27.902476 [debug]: Started rendering model STAGE_dimensions.dim_employees
14:02:27.902487 [info ]: Started model STAGE_stage.stg_employees
14:02:27.902495 [debug]: Started rendering model STAGE_stage.stg_employees
14:02:27.902506 [info ]: Started model STAGE_dimensions.dim_date
14:02:27.902512 [debug]: Started rendering model STAGE_dimensions.dim_date
14:02:27.902525 [info ]: Started model STAGE_dimensions.dim_customers
14:02:27.902531 [debug]: Started rendering model STAGE_dimensions.dim_customers
14:02:27.902542 [info ]: Started model STAGE_stage.stg_customers
14:02:27.902549 [debug]: Started rendering model STAGE_stage.stg_customers
14:02:27.902662 [debug]: Finished rendering [  0.00s] seed STAGE.raw_products [success]
14:02:27.902690 [info ]:  Succeeded [-------] seed  STAGE.raw_products (table)
14:02:27.902724 [debug]: Finished rendering [  0.00s] seed STAGE.raw_orders [success]
14:02:27.902732 [info ]:  Succeeded [-------] seed  STAGE.raw_orders (table)
14:02:27.902751 [debug]: Finished rendering [  0.00s] seed STAGE.raw_employees [success]
14:02:27.902757 [info ]:  Succeeded [-------] seed  STAGE.raw_employees (table)
14:02:27.902772 [debug]: Finished rendering [  0.00s] seed STAGE.raw_customers [success]
14:02:27.902777 [info ]:  Succeeded [-------] seed  STAGE.raw_customers (table)
14:02:27.903620 [debug]: Compiled SQL for node model.enterprise_analytics.dim_products at target\.lsp\compiled\enterprise_analytics\models\dimensions\dim_products.sql
14:02:27.904151 [debug]: Compiled SQL for node model.enterprise_analytics.stg_products at target\.lsp\compiled\enterprise_analytics\models\staging\stg_products.sql
14:02:27.904632 [debug]: Finished rendering [  0.00s] model STAGE_dimensions.dim_products [success]
14:02:27.904675 [info ]: Started analyzing (10 nodes)
14:02:27.904687 [debug]: Started analyzing model STAGE_dimensions.dim_products
14:02:27.905003 [debug]: Finished rendering [  0.00s] model STAGE_stage.stg_products [success]
14:02:27.905047 [debug]: Started analyzing model STAGE_stage.stg_products
14:02:27.905531 [debug]: Finished analyzing [  0.00s] model STAGE_dimensions.dim_products [success]
14:02:27.905554 [info ]:  Succeeded [  0.00s] model STAGE_dimensions.dim_products (table)
14:02:27.905708 [debug]: Finished analyzing [  0.00s] model STAGE_stage.stg_products [success]
14:02:27.905736 [info ]:  Succeeded [  0.00s] model STAGE_stage.stg_products (view)
14:02:27.906019 [debug]: Compiled SQL for node model.enterprise_analytics.stg_customers at target\.lsp\compiled\enterprise_analytics\models\staging\stg_customers.sql
14:02:27.906197 [debug]: Finished rendering [  0.00s] model STAGE_stage.stg_customers [success]
14:02:27.906227 [debug]: Started analyzing model STAGE_stage.stg_customers
14:02:27.906807 [debug]: Compiled SQL for node model.enterprise_analytics.dim_customers at target\.lsp\compiled\enterprise_analytics\models\dimensions\dim_customers.sql
14:02:27.906826 [debug]: Compiled SQL for node model.enterprise_analytics.dim_date at target\.lsp\compiled\enterprise_analytics\models\dimensions\dim_date.sql
14:02:27.906893 [debug]: Finished analyzing [  0.00s] model STAGE_stage.stg_customers [success]
14:02:27.906913 [info ]:  Succeeded [  0.00s] model STAGE_stage.stg_customers (view)
14:02:27.906952 [debug]: Finished rendering [  0.00s] model STAGE_dimensions.dim_customers [success]
14:02:27.906970 [debug]: Started analyzing model STAGE_dimensions.dim_customers
14:02:27.907170 [debug]: Finished rendering [  0.00s] model STAGE_dimensions.dim_date [success]
14:02:27.907346 [debug]: Started analyzing model STAGE_dimensions.dim_date
14:02:27.907421 [debug]: Finished analyzing [  0.00s] model STAGE_dimensions.dim_customers [success]
14:02:27.907433 [info ]:  Succeeded [  0.00s] model STAGE_dimensions.dim_customers (table)
14:02:27.908909 [debug]: Finished analyzing [  0.00s] model STAGE_dimensions.dim_date [success]
14:02:27.908952 [info ]:  Succeeded [  0.01s] model STAGE_dimensions.dim_date (table)
14:02:27.910259 [debug]: Compiled SQL for node model.enterprise_analytics.stg_employees at target\.lsp\compiled\enterprise_analytics\models\staging\stg_employees.sql
14:02:27.910321 [debug]: Compiled SQL for node model.enterprise_analytics.fct_sales at target\.lsp\compiled\enterprise_analytics\models\facts\fct_sales.sql
14:02:27.910631 [debug]: Compiled SQL for node model.enterprise_analytics.stg_orders at target\.lsp\compiled\enterprise_analytics\models\staging\stg_orders.sql
14:02:27.910707 [debug]: Finished rendering [  0.01s] model STAGE_stage.stg_employees [success]
14:02:27.910752 [debug]: Started analyzing model STAGE_stage.stg_employees
14:02:27.911395 [debug]: Finished rendering [  0.01s] model STAGE_stage.fct_sales [success]
14:02:27.911430 [debug]: Started analyzing model STAGE_stage.fct_sales
14:02:27.911607 [debug]: Compiled SQL for node model.enterprise_analytics.fct_revenue_daily at target\.lsp\compiled\enterprise_analytics\models\facts\fct_revenue_daily.sql
14:02:27.911766 [debug]: Compiled SQL for node model.enterprise_analytics.dim_employees at target\.lsp\compiled\enterprise_analytics\models\dimensions\dim_employees.sql
14:02:27.911822 [debug]: Finished analyzing [  0.00s] model STAGE_stage.stg_employees [success]
14:02:27.911851 [info ]:  Succeeded [  0.01s] model STAGE_stage.stg_employees (view)
14:02:27.911899 [debug]: Finished rendering [  0.01s] model STAGE_stage.stg_orders [success]
14:02:27.911923 [debug]: Started analyzing model STAGE_stage.stg_orders
14:02:27.911959 [debug]: Finished rendering [  0.01s] model STAGE_stage.fct_revenue_daily [success]
14:02:27.911977 [debug]: Started analyzing model STAGE_stage.fct_revenue_daily
14:02:27.912001 [debug]: Finished rendering [  0.01s] model STAGE_dimensions.dim_employees [success]
14:02:27.912013 [info ]: Finished rendering [  0.01s] (14 nodes, 0 skipped, 0 errors)
14:02:27.912028 [debug]: Started analyzing model STAGE_dimensions.dim_employees
14:02:27.913254 [debug]: Finished analyzing [  0.00s] model STAGE_stage.fct_revenue_daily [success]
14:02:27.913299 [info ]:  Succeeded [  0.01s] model STAGE_stage.fct_revenue_daily (table)
14:02:27.914011 [debug]: Finished analyzing [  0.00s] model STAGE_stage.stg_orders [success]
14:02:27.914036 [info ]:  Succeeded [  0.01s] model STAGE_stage.stg_orders (view)
14:02:27.914057 [debug]: Finished analyzing [  0.00s] model STAGE_dimensions.dim_employees [success]
14:02:27.914064 [info ]:  Succeeded [  0.01s] model STAGE_dimensions.dim_employees (table)
14:02:27.915218 [debug]: Finished analyzing [  0.00s] model STAGE_stage.fct_sales [success]
14:02:27.915236 [info ]: Finished analyzing [  0.01s] (10 nodes, 0 skipped, 0 errors)
14:02:27.915243 [info ]:  Succeeded [  0.01s] model STAGE_stage.fct_sales (table)
14:02:27.919585 [info ]: Started scheduling
14:02:27.919646 [info ]: Finished scheduling [  0.00s]
14:02:27.920466 [info ]: Cached model count updated: 10 models (accurate)
14:02:29.632758 [info ]: Started loading project
14:02:29.633459 [info ]: Loading profiles.yml
14:02:29.658676 [info ]: Started parsing
14:02:29.694853 [info ]: Finished loading project [  0.06s]
14:02:29.697768 [debug]: Finished parsing models\staging\stg_employees.yml [  0.00s]
14:02:29.699019 [debug]: Finished parsing models\staging\stg_employees.sql [  0.00s]
14:02:29.702795 [info ]: Finished parsing [  0.04s]
14:02:29.704890 [info ]: Cached model count updated: 10 models (estimate)
14:02:29.704907 [info ]: Cached model count updated: 10 models (accurate)
14:02:29.704948 [info ]: Started scheduling
14:02:29.705025 [info ]: Finished scheduling [  0.00s]
14:02:29.705036 [debug]: Compilation - 1 nodes selected: {"model.enterprise_analytics.stg_employees"}
14:02:29.749599 [info ]: Started building task graph
14:02:29.749646 [info ]: Finished building task graph [  0.00s]
14:02:29.750001 [info ]: Started rendering (1 nodes)
14:02:29.750017 [info ]: Started model STAGE_stage.stg_employees
14:02:29.750026 [debug]: Started rendering model STAGE_stage.stg_employees
14:02:29.752721 [debug]: Compiled SQL for node model.enterprise_analytics.stg_employees at target\.lsp\compiled\enterprise_analytics\models\staging\stg_employees.sql
14:02:29.753287 [debug]: Finished rendering [  0.00s] model STAGE_stage.stg_employees [success]
14:02:29.753316 [info ]: Finished rendering [  0.00s] (1 nodes, 0 skipped, 0 errors)
14:02:29.753358 [info ]: Started analyzing (1 nodes)
14:02:29.753371 [debug]: Started analyzing model STAGE_stage.stg_employees
14:02:29.753829 [debug]: Finished analyzing [  0.00s] model STAGE_stage.stg_employees [success]
14:02:29.753843 [info ]: Finished analyzing [  0.00s] (1 nodes, 0 skipped, 0 errors)
14:02:29.753853 [info ]:  Succeeded [  0.00s] model STAGE_stage.stg_employees (view)
14:02:29.758698 [info ]: Started scheduling
14:02:29.758773 [info ]: Finished scheduling [  0.00s]
14:02:29.759801 [info ]: Cached model count updated: 10 models (accurate)
14:02:31.529199 [info ]: Started loading project
14:02:31.529926 [info ]: Loading profiles.yml
14:02:31.562994 [info ]: Cached model count updated: 10 models (estimate)
14:02:31.563020 [info ]: Cached model count updated: 10 models (accurate)
14:02:31.563064 [info ]: Started scheduling
14:02:31.563178 [info ]: Finished scheduling [  0.00s]
14:02:31.563191 [debug]: Compilation - 14 nodes selected: {"model.enterprise_analytics.dim_customers", "model.enterprise_analytics.dim_date", "model.enterprise_analytics.dim_employees", "model.enterprise_analytics.dim_products", "model.enterprise_analytics.fct_revenue_daily", "model.enterprise_analytics.fct_sales", "model.enterprise_analytics.stg_customers", "model.enterprise_analytics.stg_employees", "model.enterprise_analytics.stg_orders", "model.enterprise_analytics.stg_products", "seed.enterprise_analytics.raw_customers", "seed.enterprise_analytics.raw_employees", "seed.enterprise_analytics.raw_orders", "seed.enterprise_analytics.raw_products"}
14:02:31.607961 [info ]: Started building task graph
14:02:31.608069 [info ]: Finished building task graph [  0.00s]
14:02:31.608291 [info ]: Finished loading project [  0.08s]
14:02:31.613724 [info ]: Started rendering (14 nodes)
14:02:31.613760 [info ]: Started seed STAGE.raw_products
14:02:31.613770 [debug]: Started rendering seed STAGE.raw_products
14:02:31.613788 [info ]: Started seed STAGE.raw_orders
14:02:31.613793 [debug]: Started rendering seed STAGE.raw_orders
14:02:31.613802 [info ]: Started seed STAGE.raw_employees
14:02:31.613806 [debug]: Started rendering seed STAGE.raw_employees
14:02:31.613813 [info ]: Started seed STAGE.raw_customers
14:02:31.613816 [debug]: Started rendering seed STAGE.raw_customers
14:02:31.613826 [info ]: Started model STAGE_stage.fct_revenue_daily
14:02:31.613830 [debug]: Started rendering model STAGE_stage.fct_revenue_daily
14:02:31.613838 [info ]: Started model STAGE_stage.fct_sales
14:02:31.613843 [debug]: Started rendering model STAGE_stage.fct_sales
14:02:31.613849 [info ]: Started model STAGE_stage.stg_orders
14:02:31.613853 [debug]: Started rendering model STAGE_stage.stg_orders
14:02:31.613860 [info ]: Started model STAGE_dimensions.dim_products
14:02:31.613865 [debug]: Started rendering model STAGE_dimensions.dim_products
14:02:31.613873 [info ]: Started model STAGE_stage.stg_products
14:02:31.613877 [debug]: Started rendering model STAGE_stage.stg_products
14:02:31.613884 [info ]: Started model STAGE_dimensions.dim_employees
14:02:31.613889 [debug]: Started rendering model STAGE_dimensions.dim_employees
14:02:31.613895 [info ]: Started model STAGE_stage.stg_employees
14:02:31.613900 [debug]: Started rendering model STAGE_stage.stg_employees
14:02:31.613907 [info ]: Started model STAGE_dimensions.dim_date
14:02:31.613911 [debug]: Started rendering model STAGE_dimensions.dim_date
14:02:31.613918 [info ]: Started model STAGE_dimensions.dim_customers
14:02:31.613922 [debug]: Started rendering model STAGE_dimensions.dim_customers
14:02:31.613929 [info ]: Started model STAGE_stage.stg_customers
14:02:31.613933 [debug]: Started rendering model STAGE_stage.stg_customers
14:02:31.613950 [debug]: Finished rendering [  0.00s] seed STAGE.raw_products [success]
14:02:31.613962 [info ]:  Succeeded [-------] seed  STAGE.raw_products (table)
14:02:31.613987 [debug]: Finished rendering [  0.00s] seed STAGE.raw_orders [success]
14:02:31.613992 [info ]:  Succeeded [-------] seed  STAGE.raw_orders (table)
14:02:31.613998 [debug]: Finished rendering [  0.00s] seed STAGE.raw_customers [success]
14:02:31.614002 [info ]:  Succeeded [-------] seed  STAGE.raw_customers (table)
14:02:31.614009 [debug]: Finished rendering [  0.00s] seed STAGE.raw_employees [success]
14:02:31.614013 [info ]:  Succeeded [-------] seed  STAGE.raw_employees (table)
14:02:31.614519 [debug]: Compiled SQL for node model.enterprise_analytics.fct_sales at target\.lsp\compiled\enterprise_analytics\models\facts\fct_sales.sql
14:02:31.614766 [debug]: Compiled SQL for node model.enterprise_analytics.stg_orders at target\.lsp\compiled\enterprise_analytics\models\staging\stg_orders.sql
14:02:31.614939 [debug]: Compiled SQL for node model.enterprise_analytics.dim_customers at target\.lsp\compiled\enterprise_analytics\models\dimensions\dim_customers.sql
14:02:31.614969 [debug]: Compiled SQL for node model.enterprise_analytics.dim_date at target\.lsp\compiled\enterprise_analytics\models\dimensions\dim_date.sql
14:02:31.615157 [debug]: Compiled SQL for node model.enterprise_analytics.dim_products at target\.lsp\compiled\enterprise_analytics\models\dimensions\dim_products.sql
14:02:31.615186 [debug]: Compiled SQL for node model.enterprise_analytics.dim_employees at target\.lsp\compiled\enterprise_analytics\models\dimensions\dim_employees.sql
14:02:31.615315 [debug]: Compiled SQL for node model.enterprise_analytics.stg_customers at target\.lsp\compiled\enterprise_analytics\models\staging\stg_customers.sql
14:02:31.615341 [debug]: Compiled SQL for node model.enterprise_analytics.fct_revenue_daily at target\.lsp\compiled\enterprise_analytics\models\facts\fct_revenue_daily.sql
14:02:31.615388 [debug]: Compiled SQL for node model.enterprise_analytics.stg_employees at target\.lsp\compiled\enterprise_analytics\models\staging\stg_employees.sql
14:02:31.615577 [info ]: Started analyzing (10 nodes)
14:02:31.615600 [debug]: Started analyzing model STAGE_stage.fct_sales
14:02:31.615641 [debug]: Finished rendering [  0.00s] model STAGE_stage.fct_sales [success]
14:02:31.615678 [debug]: Started analyzing model STAGE_stage.stg_orders
14:02:31.615742 [debug]: Finished rendering [  0.00s] model STAGE_dimensions.dim_customers [success]
14:02:31.615817 [debug]: Started analyzing model STAGE_dimensions.dim_customers
14:02:31.615824 [debug]: Finished rendering [  0.00s] model STAGE_stage.stg_orders [success]
14:02:31.616187 [debug]: Compiled SQL for node model.enterprise_analytics.stg_products at target\.lsp\compiled\enterprise_analytics\models\staging\stg_products.sql
14:02:31.616249 [debug]: Finished rendering [  0.00s] model STAGE_dimensions.dim_date [success]
14:02:31.616276 [debug]: Started analyzing model STAGE_dimensions.dim_date
14:02:31.616298 [debug]: Finished rendering [  0.00s] model STAGE_dimensions.dim_products [success]
14:02:31.616320 [debug]: Started analyzing model STAGE_dimensions.dim_products
14:02:31.616337 [debug]: Finished rendering [  0.00s] model STAGE_dimensions.dim_employees [success]
14:02:31.616349 [debug]: Started analyzing model STAGE_dimensions.dim_employees
14:02:31.616363 [debug]: Finished rendering [  0.00s] model STAGE_stage.stg_customers [success]
14:02:31.616375 [debug]: Started analyzing model STAGE_stage.stg_customers
14:02:31.616390 [debug]: Finished rendering [  0.00s] model STAGE_stage.fct_revenue_daily [success]
14:02:31.616401 [debug]: Started analyzing model STAGE_stage.fct_revenue_daily
14:02:31.616417 [debug]: Finished rendering [  0.00s] model STAGE_stage.stg_employees [success]
14:02:31.616429 [debug]: Started analyzing model STAGE_stage.stg_employees
14:02:31.616444 [debug]: Finished rendering [  0.00s] model STAGE_stage.stg_products [success]
14:02:31.616454 [info ]: Finished rendering [  0.00s] (14 nodes, 0 skipped, 0 errors)
14:02:31.616464 [debug]: Started analyzing model STAGE_stage.stg_products
14:02:31.617308 [debug]: Finished analyzing [  0.00s] model STAGE_stage.stg_orders [success]
14:02:31.617341 [info ]:  Succeeded [  0.00s] model STAGE_stage.stg_orders (view)
14:02:31.617434 [debug]: Finished analyzing [  0.00s] model STAGE_stage.stg_customers [success]
14:02:31.617458 [info ]:  Succeeded [  0.00s] model STAGE_stage.stg_customers (view)
14:02:31.618168 [debug]: Finished analyzing [  0.00s] model STAGE_dimensions.dim_employees [success]
14:02:31.618194 [info ]:  Succeeded [  0.00s] model STAGE_dimensions.dim_employees (table)
14:02:31.618228 [debug]: Finished analyzing [  0.00s] model STAGE_stage.fct_revenue_daily [success]
14:02:31.618274 [info ]:  Succeeded [  0.00s] model STAGE_stage.fct_revenue_daily (table)
14:02:31.618702 [debug]: Finished analyzing [  0.00s] model STAGE_dimensions.dim_customers [success]
14:02:31.618746 [info ]:  Succeeded [  0.00s] model STAGE_dimensions.dim_customers (table)
14:02:31.619030 [debug]: Finished analyzing [  0.00s] model STAGE_stage.stg_products [success]
14:02:31.619048 [info ]:  Succeeded [  0.00s] model STAGE_stage.stg_products (view)
14:02:31.619105 [debug]: Finished analyzing [  0.00s] model STAGE_dimensions.dim_date [success]
14:02:31.619121 [info ]:  Succeeded [  0.00s] model STAGE_dimensions.dim_date (table)
14:02:31.619146 [debug]: Finished analyzing [  0.00s] model STAGE_stage.stg_employees [success]
14:02:31.619157 [info ]:  Succeeded [  0.00s] model STAGE_stage.stg_employees (view)
14:02:31.619380 [debug]: Finished analyzing [  0.00s] model STAGE_dimensions.dim_products [success]
14:02:31.619420 [info ]:  Succeeded [  0.01s] model STAGE_dimensions.dim_products (table)
14:02:31.620517 [debug]: Finished analyzing [  0.00s] model STAGE_stage.fct_sales [success]
14:02:31.620542 [info ]: Finished analyzing [  0.00s] (10 nodes, 0 skipped, 0 errors)
14:02:31.620549 [info ]:  Succeeded [  0.01s] model STAGE_stage.fct_sales (table)
14:02:31.624736 [info ]: Started scheduling
14:02:31.624796 [info ]: Finished scheduling [  0.00s]
14:02:31.625514 [info ]: Cached model count updated: 10 models (accurate)
14:03:10.327667 [info ]: Started loading project
14:03:10.328434 [info ]: Loading profiles.yml
14:03:10.368404 [info ]: Started parsing
14:03:10.409759 [info ]: Finished loading project [  0.08s]
14:03:10.413246 [debug]: Finished parsing models\staging\stg_employees.yml [  0.00s]
14:03:10.414503 [debug]: Finished parsing models\staging\stg_employees.sql [  0.00s]
14:03:10.417690 [info ]: Finished parsing [  0.05s]
14:03:10.419863 [info ]: Cached model count updated: 10 models (estimate)
14:03:10.419881 [info ]: Cached model count updated: 10 models (accurate)
14:03:10.419925 [info ]: Started scheduling
14:03:10.420066 [info ]: Finished scheduling [  0.00s]
14:03:10.420079 [debug]: Compilation - 1 nodes selected: {"model.enterprise_analytics.stg_employees"}
14:03:10.453842 [info ]: Started building task graph
14:03:10.453908 [info ]: Finished building task graph [  0.00s]
14:03:10.454281 [info ]: Started rendering (1 nodes)
14:03:10.454302 [info ]: Started model STAGE_stage.stg_employees
14:03:10.454311 [debug]: Started rendering model STAGE_stage.stg_employees
14:03:10.455901 [debug]: Compiled SQL for node model.enterprise_analytics.stg_employees at target\.lsp\compiled\enterprise_analytics\models\staging\stg_employees.sql
14:03:10.456071 [debug]: Finished rendering [  0.00s] model STAGE_stage.stg_employees [success]
14:03:10.456086 [info ]: Finished rendering [  0.00s] (1 nodes, 0 skipped, 0 errors)
14:03:10.456106 [info ]: Started analyzing (1 nodes)
14:03:10.456113 [debug]: Started analyzing model STAGE_stage.stg_employees
14:03:10.456525 [debug]: Finished analyzing [  0.00s] model STAGE_stage.stg_employees [success]
14:03:10.456537 [info ]: Finished analyzing [  0.00s] (1 nodes, 0 skipped, 0 errors)
14:03:10.456543 [info ]:  Succeeded [  0.00s] model STAGE_stage.stg_employees (view)
14:03:10.460973 [info ]: Started scheduling
14:03:10.461035 [info ]: Finished scheduling [  0.00s]
14:03:10.462366 [info ]: Cached model count updated: 10 models (accurate)
14:03:12.241563 [info ]: Started loading project
14:03:12.242334 [info ]: Loading profiles.yml
14:03:12.274917 [info ]: Cached model count updated: 10 models (estimate)
14:03:12.274942 [info ]: Cached model count updated: 10 models (accurate)
14:03:12.274984 [info ]: Started scheduling
14:03:12.275093 [info ]: Finished scheduling [  0.00s]
14:03:12.275156 [debug]: Compilation - 14 nodes selected: {"model.enterprise_analytics.dim_customers", "model.enterprise_analytics.dim_date", "model.enterprise_analytics.dim_employees", "model.enterprise_analytics.dim_products", "model.enterprise_analytics.fct_revenue_daily", "model.enterprise_analytics.fct_sales", "model.enterprise_analytics.stg_customers", "model.enterprise_analytics.stg_employees", "model.enterprise_analytics.stg_orders", "model.enterprise_analytics.stg_products", "seed.enterprise_analytics.raw_customers", "seed.enterprise_analytics.raw_employees", "seed.enterprise_analytics.raw_orders", "seed.enterprise_analytics.raw_products"}
14:03:12.310454 [info ]: Started building task graph
14:03:12.310557 [info ]: Finished building task graph [  0.00s]
14:03:12.310977 [info ]: Finished loading project [  0.07s]
14:03:12.318508 [info ]: Started rendering (14 nodes)
14:03:12.318538 [info ]: Started seed STAGE.raw_products
14:03:12.318546 [debug]: Started rendering seed STAGE.raw_products
14:03:12.318564 [info ]: Started seed STAGE.raw_orders
14:03:12.318569 [debug]: Started rendering seed STAGE.raw_orders
14:03:12.318577 [info ]: Started seed STAGE.raw_employees
14:03:12.318581 [debug]: Started rendering seed STAGE.raw_employees
14:03:12.318588 [info ]: Started seed STAGE.raw_customers
14:03:12.318594 [debug]: Started rendering seed STAGE.raw_customers
14:03:12.318603 [info ]: Started model STAGE_stage.fct_revenue_daily
14:03:12.318608 [debug]: Started rendering model STAGE_stage.fct_revenue_daily
14:03:12.318615 [info ]: Started model STAGE_stage.fct_sales
14:03:12.318620 [debug]: Started rendering model STAGE_stage.fct_sales
14:03:12.318631 [info ]: Started model STAGE_stage.stg_orders
14:03:12.318635 [debug]: Started rendering model STAGE_stage.stg_orders
14:03:12.318642 [info ]: Started model STAGE_dimensions.dim_products
14:03:12.318647 [debug]: Started rendering model STAGE_dimensions.dim_products
14:03:12.318655 [info ]: Started model STAGE_stage.stg_products
14:03:12.318659 [debug]: Started rendering model STAGE_stage.stg_products
14:03:12.318665 [info ]: Started model STAGE_dimensions.dim_employees
14:03:12.318669 [debug]: Started rendering model STAGE_dimensions.dim_employees
14:03:12.318675 [info ]: Started model STAGE_stage.stg_employees
14:03:12.318679 [debug]: Started rendering model STAGE_stage.stg_employees
14:03:12.318688 [info ]: Started model STAGE_dimensions.dim_date
14:03:12.318692 [debug]: Started rendering model STAGE_dimensions.dim_date
14:03:12.318700 [info ]: Started model STAGE_dimensions.dim_customers
14:03:12.318704 [debug]: Started rendering model STAGE_dimensions.dim_customers
14:03:12.318711 [info ]: Started model STAGE_stage.stg_customers
14:03:12.318715 [debug]: Started rendering model STAGE_stage.stg_customers
14:03:12.318775 [debug]: Finished rendering [  0.00s] seed STAGE.raw_products [success]
14:03:12.318787 [info ]:  Succeeded [-------] seed  STAGE.raw_products (table)
14:03:12.318804 [debug]: Finished rendering [  0.00s] seed STAGE.raw_orders [success]
14:03:12.318810 [info ]:  Succeeded [-------] seed  STAGE.raw_orders (table)
14:03:12.318851 [debug]: Finished rendering [  0.00s] seed STAGE.raw_employees [success]
14:03:12.318865 [info ]:  Succeeded [-------] seed  STAGE.raw_employees (table)
14:03:12.318884 [debug]: Finished rendering [  0.00s] seed STAGE.raw_customers [success]
14:03:12.318890 [info ]:  Succeeded [-------] seed  STAGE.raw_customers (table)
14:03:12.319282 [debug]: Compiled SQL for node model.enterprise_analytics.stg_products at target\.lsp\compiled\enterprise_analytics\models\staging\stg_products.sql
14:03:12.319392 [debug]: Finished rendering [  0.00s] model STAGE_stage.stg_products [success]
14:03:12.319410 [info ]: Started analyzing (10 nodes)
14:03:12.319417 [debug]: Started analyzing model STAGE_stage.stg_products
14:03:12.319779 [debug]: Finished analyzing [  0.00s] model STAGE_stage.stg_products [success]
14:03:12.319792 [info ]:  Succeeded [-------] model STAGE_stage.stg_products (view)
14:03:12.319954 [debug]: Compiled SQL for node model.enterprise_analytics.dim_products at target\.lsp\compiled\enterprise_analytics\models\dimensions\dim_products.sql
14:03:12.320039 [debug]: Finished rendering [  0.00s] model STAGE_dimensions.dim_products [success]
14:03:12.320075 [debug]: Started analyzing model STAGE_dimensions.dim_products
14:03:12.320318 [debug]: Compiled SQL for node model.enterprise_analytics.dim_date at target\.lsp\compiled\enterprise_analytics\models\dimensions\dim_date.sql
14:03:12.320505 [debug]: Compiled SQL for node model.enterprise_analytics.fct_sales at target\.lsp\compiled\enterprise_analytics\models\facts\fct_sales.sql
14:03:12.320565 [debug]: Finished rendering [  0.00s] model STAGE_dimensions.dim_date [success]
14:03:12.320591 [debug]: Started analyzing model STAGE_dimensions.dim_date
14:03:12.320641 [debug]: Finished rendering [  0.00s] model STAGE_stage.fct_sales [success]
14:03:12.320660 [debug]: Started analyzing model STAGE_stage.fct_sales
14:03:12.320951 [debug]: Compiled SQL for node model.enterprise_analytics.stg_employees at target\.lsp\compiled\enterprise_analytics\models\staging\stg_employees.sql
14:03:12.321227 [debug]: Finished rendering [  0.00s] model STAGE_stage.stg_employees [success]
14:03:12.321257 [debug]: Started analyzing model STAGE_stage.stg_employees
14:03:12.321431 [debug]: Finished analyzing [  0.00s] model STAGE_dimensions.dim_products [success]
14:03:12.321444 [info ]:  Succeeded [  0.00s] model STAGE_dimensions.dim_products (table)
14:03:12.321458 [debug]: Finished analyzing [  0.00s] model STAGE_dimensions.dim_date [success]
14:03:12.321463 [info ]:  Succeeded [  0.00s] model STAGE_dimensions.dim_date (table)
14:03:12.321551 [debug]: Finished analyzing [  0.00s] model STAGE_stage.stg_employees [success]
14:03:12.321566 [info ]:  Succeeded [  0.00s] model STAGE_stage.stg_employees (view)
14:03:12.322022 [debug]: Compiled SQL for node model.enterprise_analytics.fct_revenue_daily at target\.lsp\compiled\enterprise_analytics\models\facts\fct_revenue_daily.sql
14:03:12.322217 [debug]: Compiled SQL for node model.enterprise_analytics.stg_orders at target\.lsp\compiled\enterprise_analytics\models\staging\stg_orders.sql
14:03:12.322389 [debug]: Compiled SQL for node model.enterprise_analytics.dim_customers at target\.lsp\compiled\enterprise_analytics\models\dimensions\dim_customers.sql
14:03:12.322782 [debug]: Finished rendering [  0.00s] model STAGE_stage.fct_revenue_daily [success]
14:03:12.322821 [debug]: Started analyzing model STAGE_stage.fct_revenue_daily
14:03:12.323249 [debug]: Finished rendering [  0.00s] model STAGE_stage.stg_orders [success]
14:03:12.323268 [debug]: Started analyzing model STAGE_stage.stg_orders
14:03:12.323264 [debug]: Compiled SQL for node model.enterprise_analytics.stg_customers at target\.lsp\compiled\enterprise_analytics\models\staging\stg_customers.sql
14:03:12.323444 [debug]: Finished analyzing [  0.00s] model STAGE_stage.fct_sales [success]
14:03:12.323456 [info ]:  Succeeded [  0.00s] model STAGE_stage.fct_sales (table)
14:03:12.323523 [debug]: Finished rendering [  0.00s] model STAGE_dimensions.dim_customers [success]
14:03:12.323534 [debug]: Started analyzing model STAGE_dimensions.dim_customers
14:03:12.323749 [debug]: Finished analyzing [  0.00s] model STAGE_stage.fct_revenue_daily [success]
14:03:12.323767 [info ]:  Succeeded [  0.00s] model STAGE_stage.fct_revenue_daily (table)
14:03:12.323793 [debug]: Finished rendering [  0.01s] model STAGE_stage.stg_customers [success]
14:03:12.323810 [debug]: Started analyzing model STAGE_stage.stg_customers
14:03:12.323848 [debug]: Finished analyzing [  0.00s] model STAGE_dimensions.dim_customers [success]
14:03:12.323856 [info ]:  Succeeded [  0.00s] model STAGE_dimensions.dim_customers (table)
14:03:12.324358 [debug]: Compiled SQL for node model.enterprise_analytics.dim_employees at target\.lsp\compiled\enterprise_analytics\models\dimensions\dim_employees.sql
14:03:12.324370 [debug]: Finished analyzing [  0.00s] model STAGE_stage.stg_orders [success]
14:03:12.324381 [info ]:  Succeeded [  0.01s] model STAGE_stage.stg_orders (view)
14:03:12.324501 [debug]: Finished rendering [  0.01s] model STAGE_dimensions.dim_employees [success]
14:03:12.324509 [info ]: Finished rendering [  0.01s] (14 nodes, 0 skipped, 0 errors)
14:03:12.324518 [debug]: Started analyzing model STAGE_dimensions.dim_employees
14:03:12.324531 [debug]: Finished analyzing [  0.00s] model STAGE_stage.stg_customers [success]
14:03:12.324538 [info ]:  Succeeded [  0.01s] model STAGE_stage.stg_customers (view)
14:03:12.325480 [debug]: Finished analyzing [  0.00s] model STAGE_dimensions.dim_employees [success]
14:03:12.325498 [info ]: Finished analyzing [  0.01s] (10 nodes, 0 skipped, 0 errors)
14:03:12.325505 [info ]:  Succeeded [  0.01s] model STAGE_dimensions.dim_employees (table)
14:03:12.330483 [info ]: Started scheduling
14:03:12.330552 [info ]: Finished scheduling [  0.00s]
14:03:12.332158 [info ]: Cached model count updated: 10 models (accurate)
14:03:25.930336 [info ]: Started loading project
14:03:25.931350 [info ]: Loading profiles.yml
14:03:25.962417 [info ]: Finished loading project [  0.03s]
14:03:25.962971 [info ]: Cached model count updated: 10 models (accurate)
14:03:27.688823 [info ]: Started loading project
14:03:27.689786 [info ]: Loading profiles.yml
14:03:27.717576 [info ]: Cached model count updated: 10 models (estimate)
14:03:27.717602 [info ]: Cached model count updated: 10 models (accurate)
14:03:27.717643 [info ]: Started scheduling
14:03:27.717771 [info ]: Finished scheduling [  0.00s]
14:03:27.717786 [debug]: Compilation - 14 nodes selected: {"model.enterprise_analytics.dim_customers", "model.enterprise_analytics.dim_date", "model.enterprise_analytics.dim_employees", "model.enterprise_analytics.dim_products", "model.enterprise_analytics.fct_revenue_daily", "model.enterprise_analytics.fct_sales", "model.enterprise_analytics.stg_customers", "model.enterprise_analytics.stg_employees", "model.enterprise_analytics.stg_orders", "model.enterprise_analytics.stg_products", "seed.enterprise_analytics.raw_customers", "seed.enterprise_analytics.raw_employees", "seed.enterprise_analytics.raw_orders", "seed.enterprise_analytics.raw_products"}
14:03:27.752471 [info ]: Started building task graph
14:03:27.752572 [info ]: Finished building task graph [  0.00s]
14:03:27.752832 [info ]: Finished loading project [  0.06s]
14:03:27.759202 [info ]: Started rendering (14 nodes)
14:03:27.759234 [info ]: Started seed STAGE.raw_products
14:03:27.759246 [debug]: Started rendering seed STAGE.raw_products
14:03:27.759327 [info ]: Started seed STAGE.raw_orders
14:03:27.759339 [debug]: Started rendering seed STAGE.raw_orders
14:03:27.759351 [info ]: Started seed STAGE.raw_employees
14:03:27.759359 [debug]: Started rendering seed STAGE.raw_employees
14:03:27.759367 [info ]: Started seed STAGE.raw_customers
14:03:27.759373 [debug]: Started rendering seed STAGE.raw_customers
14:03:27.759383 [info ]: Started model STAGE_stage.fct_revenue_daily
14:03:27.759466 [debug]: Started rendering model STAGE_stage.fct_revenue_daily
14:03:27.759481 [info ]: Started model STAGE_stage.fct_sales
14:03:27.759486 [debug]: Started rendering model STAGE_stage.fct_sales
14:03:27.759494 [info ]: Started model STAGE_stage.stg_orders
14:03:27.759498 [debug]: Started rendering model STAGE_stage.stg_orders
14:03:27.759507 [info ]: Started model STAGE_dimensions.dim_products
14:03:27.759512 [debug]: Started rendering model STAGE_dimensions.dim_products
14:03:27.759520 [info ]: Started model STAGE_stage.stg_products
14:03:27.759524 [debug]: Started rendering model STAGE_stage.stg_products
14:03:27.759530 [info ]: Started model STAGE_dimensions.dim_employees
14:03:27.759535 [debug]: Started rendering model STAGE_dimensions.dim_employees
14:03:27.759556 [info ]: Started model STAGE_stage.stg_employees
14:03:27.759561 [debug]: Started rendering model STAGE_stage.stg_employees
14:03:27.759568 [info ]: Started model STAGE_dimensions.dim_date
14:03:27.759575 [debug]: Started rendering model STAGE_dimensions.dim_date
14:03:27.759591 [info ]: Started model STAGE_dimensions.dim_customers
14:03:27.759596 [debug]: Started rendering model STAGE_dimensions.dim_customers
14:03:27.759604 [info ]: Started model STAGE_stage.stg_customers
14:03:27.759611 [debug]: Started rendering model STAGE_stage.stg_customers
14:03:27.759638 [debug]: Finished rendering [  0.00s] seed STAGE.raw_products [success]
14:03:27.759655 [info ]:  Succeeded [-------] seed  STAGE.raw_products (table)
14:03:27.759669 [debug]: Finished rendering [  0.00s] seed STAGE.raw_orders [success]
14:03:27.759673 [info ]:  Succeeded [-------] seed  STAGE.raw_orders (table)
14:03:27.759681 [debug]: Finished rendering [  0.00s] seed STAGE.raw_employees [success]
14:03:27.759684 [info ]:  Succeeded [-------] seed  STAGE.raw_employees (table)
14:03:27.759691 [debug]: Finished rendering [  0.00s] seed STAGE.raw_customers [success]
14:03:27.759694 [info ]:  Succeeded [-------] seed  STAGE.raw_customers (table)
14:03:27.760161 [debug]: Compiled SQL for node model.enterprise_analytics.fct_revenue_daily at target\.lsp\compiled\enterprise_analytics\models\facts\fct_revenue_daily.sql
14:03:27.760337 [debug]: Compiled SQL for node model.enterprise_analytics.stg_products at target\.lsp\compiled\enterprise_analytics\models\staging\stg_products.sql
14:03:27.760486 [debug]: Compiled SQL for node model.enterprise_analytics.stg_customers at target\.lsp\compiled\enterprise_analytics\models\staging\stg_customers.sql
14:03:27.760588 [debug]: Compiled SQL for node model.enterprise_analytics.stg_employees at target\.lsp\compiled\enterprise_analytics\models\staging\stg_employees.sql
14:03:27.760599 [debug]: Compiled SQL for node model.enterprise_analytics.dim_customers at target\.lsp\compiled\enterprise_analytics\models\dimensions\dim_customers.sql
14:03:27.760618 [debug]: Compiled SQL for node model.enterprise_analytics.dim_date at target\.lsp\compiled\enterprise_analytics\models\dimensions\dim_date.sql
14:03:27.760588 [debug]: Compiled SQL for node model.enterprise_analytics.dim_employees at target\.lsp\compiled\enterprise_analytics\models\dimensions\dim_employees.sql
14:03:27.760663 [debug]: Compiled SQL for node model.enterprise_analytics.dim_products at target\.lsp\compiled\enterprise_analytics\models\dimensions\dim_products.sql
14:03:27.760716 [debug]: Finished rendering [  0.00s] model STAGE_stage.fct_revenue_daily [success]
14:03:27.760794 [info ]: Started analyzing (10 nodes)
14:03:27.760812 [debug]: Started analyzing model STAGE_stage.fct_revenue_daily
14:03:27.760843 [debug]: Finished rendering [  0.00s] model STAGE_stage.stg_products [success]
14:03:27.760864 [debug]: Started analyzing model STAGE_stage.stg_products
14:03:27.760881 [debug]: Finished rendering [  0.00s] model STAGE_stage.stg_customers [success]
14:03:27.760894 [debug]: Started analyzing model STAGE_stage.stg_customers
14:03:27.760911 [debug]: Finished rendering [  0.00s] model STAGE_stage.stg_employees [success]
14:03:27.760921 [debug]: Started analyzing model STAGE_stage.stg_employees
14:03:27.760935 [debug]: Finished rendering [  0.00s] model STAGE_dimensions.dim_customers [success]
14:03:27.760945 [debug]: Started analyzing model STAGE_dimensions.dim_customers
14:03:27.760959 [debug]: Finished rendering [  0.00s] model STAGE_dimensions.dim_date [success]
14:03:27.760970 [debug]: Started analyzing model STAGE_dimensions.dim_date
14:03:27.760983 [debug]: Finished rendering [  0.00s] model STAGE_dimensions.dim_employees [success]
14:03:27.760993 [debug]: Started analyzing model STAGE_dimensions.dim_employees
14:03:27.761034 [debug]: Compiled SQL for node model.enterprise_analytics.fct_sales at target\.lsp\compiled\enterprise_analytics\models\facts\fct_sales.sql
14:03:27.761034 [debug]: Compiled SQL for node model.enterprise_analytics.stg_orders at target\.lsp\compiled\enterprise_analytics\models\staging\stg_orders.sql
14:03:27.761213 [debug]: Finished rendering [  0.00s] model STAGE_dimensions.dim_products [success]
14:03:27.761365 [debug]: Started analyzing model STAGE_dimensions.dim_products
14:03:27.761551 [debug]: Finished rendering [  0.00s] model STAGE_stage.fct_sales [success]
14:03:27.761610 [debug]: Started analyzing model STAGE_stage.fct_sales
14:03:27.761666 [debug]: Finished rendering [  0.00s] model STAGE_stage.stg_orders [success]
14:03:27.761716 [info ]: Finished rendering [  0.00s] (14 nodes, 0 skipped, 0 errors)
14:03:27.761726 [debug]: Started analyzing model STAGE_stage.stg_orders
14:03:27.761781 [debug]: Finished analyzing [  0.00s] model STAGE_stage.fct_revenue_daily [success]
14:03:27.761833 [info ]:  Succeeded [  0.00s] model STAGE_stage.fct_revenue_daily (table)
14:03:27.761890 [debug]: Finished analyzing [  0.00s] model STAGE_stage.stg_employees [success]
14:03:27.761897 [info ]:  Succeeded [  0.00s] model STAGE_stage.stg_employees (view)
14:03:27.761994 [debug]: Finished analyzing [  0.00s] model STAGE_dimensions.dim_customers [success]
14:03:27.762002 [info ]:  Succeeded [  0.00s] model STAGE_dimensions.dim_customers (table)
14:03:27.762101 [debug]: Finished analyzing [  0.00s] model STAGE_stage.stg_products [success]
14:03:27.762143 [info ]:  Succeeded [  0.00s] model STAGE_stage.stg_products (view)
14:03:27.762176 [debug]: Finished analyzing [  0.00s] model STAGE_dimensions.dim_products [success]
14:03:27.762189 [info ]:  Succeeded [  0.00s] model STAGE_dimensions.dim_products (table)
14:03:27.762254 [debug]: Finished analyzing [  0.00s] model STAGE_stage.stg_customers [success]
14:03:27.762279 [info ]:  Succeeded [  0.00s] model STAGE_stage.stg_customers (view)
14:03:27.762348 [debug]: Finished analyzing [  0.00s] model STAGE_stage.stg_orders [success]
14:03:27.762368 [info ]:  Succeeded [  0.00s] model STAGE_stage.stg_orders (view)
14:03:27.762527 [debug]: Finished analyzing [  0.00s] model STAGE_dimensions.dim_date [success]
14:03:27.762542 [info ]:  Succeeded [  0.00s] model STAGE_dimensions.dim_date (table)
14:03:27.763246 [debug]: Finished analyzing [  0.00s] model STAGE_dimensions.dim_employees [success]
14:03:27.763261 [info ]:  Succeeded [  0.00s] model STAGE_dimensions.dim_employees (table)
14:03:27.764607 [debug]: Finished analyzing [  0.00s] model STAGE_stage.fct_sales [success]
14:03:27.764623 [info ]: Finished analyzing [  0.00s] (10 nodes, 0 skipped, 0 errors)
14:03:27.764630 [info ]:  Succeeded [  0.00s] model STAGE_stage.fct_sales (table)
14:03:27.768459 [info ]: Started scheduling
14:03:27.768514 [info ]: Finished scheduling [  0.00s]
14:03:27.769270 [info ]: Cached model count updated: 10 models (accurate)
14:03:33.450892 [info ]: Started loading project
14:03:33.451634 [info ]: Loading profiles.yml
14:03:33.476219 [info ]: Started parsing
14:03:33.525667 [info ]: Finished loading project [  0.07s]
14:03:33.529576 [debug]: Finished parsing models\dimensions\dim_employees.yml [  0.00s]
14:03:33.532406 [debug]: Finished parsing models\dimensions\dim_employees.sql [  0.00s]
14:03:33.536226 [info ]: Finished parsing [  0.06s]
14:03:33.538901 [info ]: Cached model count updated: 10 models (estimate)
14:03:33.538920 [info ]: Cached model count updated: 10 models (accurate)
14:03:33.538977 [info ]: Started scheduling
14:03:33.539061 [info ]: Finished scheduling [  0.00s]
14:03:33.539076 [debug]: Compilation - 2 nodes selected: {"model.enterprise_analytics.dim_employees", "model.enterprise_analytics.stg_employees"}
14:03:33.576184 [info ]: Started building task graph
14:03:33.576239 [info ]: Finished building task graph [  0.00s]
14:03:33.576592 [info ]: Started rendering (2 nodes)
14:03:33.576610 [info ]: Started model STAGE_dimensions.dim_employees
14:03:33.576618 [debug]: Started rendering model STAGE_dimensions.dim_employees
14:03:33.576642 [info ]: Started model STAGE_stage.stg_employees
14:03:33.576647 [debug]: Started rendering model STAGE_stage.stg_employees
14:03:33.577121 [debug]: Compiled SQL for node model.enterprise_analytics.stg_employees at target\.lsp\compiled\enterprise_analytics\models\staging\stg_employees.sql
14:03:33.577189 [debug]: Finished rendering [  0.00s] model STAGE_stage.stg_employees [success]
14:03:33.577207 [info ]: Started analyzing (2 nodes)
14:03:33.577214 [debug]: Started analyzing model STAGE_stage.stg_employees
14:03:33.577822 [debug]: Finished analyzing [  0.00s] model STAGE_stage.stg_employees [success]
14:03:33.577853 [info ]:  Succeeded [-------] model STAGE_stage.stg_employees (view)
14:03:33.579598 [debug]: Compiled SQL for node model.enterprise_analytics.dim_employees at target\.lsp\compiled\enterprise_analytics\models\dimensions\dim_employees.sql
14:03:33.579690 [debug]: Finished rendering [  0.00s] model STAGE_dimensions.dim_employees [success]
14:03:33.579705 [info ]: Finished rendering [  0.00s] (2 nodes, 0 skipped, 0 errors)
14:03:33.579718 [debug]: Started analyzing model STAGE_dimensions.dim_employees
14:03:33.581392 [debug]: Finished analyzing [  0.00s] model STAGE_dimensions.dim_employees [success]
14:03:33.581426 [info ]: Finished analyzing [  0.00s] (2 nodes, 0 skipped, 0 errors)
14:03:33.581441 [info ]:  Succeeded [  0.00s] model STAGE_dimensions.dim_employees (table)
14:03:33.585342 [info ]: Started scheduling
14:03:33.585402 [info ]: Finished scheduling [  0.00s]
14:03:33.586371 [info ]: Cached model count updated: 10 models (accurate)
14:03:35.379723 [info ]: Started loading project
14:03:35.381721 [info ]: Loading profiles.yml
14:03:35.412648 [info ]: Cached model count updated: 10 models (estimate)
14:03:35.412672 [info ]: Cached model count updated: 10 models (accurate)
14:03:35.412713 [info ]: Started scheduling
14:03:35.412822 [info ]: Finished scheduling [  0.00s]
14:03:35.412839 [debug]: Compilation - 14 nodes selected: {"model.enterprise_analytics.dim_customers", "model.enterprise_analytics.dim_date", "model.enterprise_analytics.dim_employees", "model.enterprise_analytics.dim_products", "model.enterprise_analytics.fct_revenue_daily", "model.enterprise_analytics.fct_sales", "model.enterprise_analytics.stg_customers", "model.enterprise_analytics.stg_employees", "model.enterprise_analytics.stg_orders", "model.enterprise_analytics.stg_products", "seed.enterprise_analytics.raw_customers", "seed.enterprise_analytics.raw_employees", "seed.enterprise_analytics.raw_orders", "seed.enterprise_analytics.raw_products"}
14:03:35.447689 [info ]: Started building task graph
14:03:35.447800 [info ]: Finished building task graph [  0.00s]
14:03:35.447870 [info ]: Finished loading project [  0.07s]
14:03:35.451836 [info ]: Started rendering (14 nodes)
14:03:35.451881 [info ]: Started seed STAGE.raw_products
14:03:35.451891 [debug]: Started rendering seed STAGE.raw_products
14:03:35.451912 [info ]: Started seed STAGE.raw_orders
14:03:35.451918 [debug]: Started rendering seed STAGE.raw_orders
14:03:35.451926 [info ]: Started seed STAGE.raw_employees
14:03:35.451931 [debug]: Started rendering seed STAGE.raw_employees
14:03:35.451938 [info ]: Started seed STAGE.raw_customers
14:03:35.451943 [debug]: Started rendering seed STAGE.raw_customers
14:03:35.451952 [info ]: Started model STAGE_stage.fct_revenue_daily
14:03:35.451956 [debug]: Started rendering model STAGE_stage.fct_revenue_daily
14:03:35.451963 [info ]: Started model STAGE_stage.fct_sales
14:03:35.451968 [debug]: Started rendering model STAGE_stage.fct_sales
14:03:35.451975 [info ]: Started model STAGE_stage.stg_orders
14:03:35.451981 [debug]: Started rendering model STAGE_stage.stg_orders
14:03:35.451988 [info ]: Started model STAGE_dimensions.dim_products
14:03:35.451993 [debug]: Started rendering model STAGE_dimensions.dim_products
14:03:35.452000 [info ]: Started model STAGE_stage.stg_products
14:03:35.452006 [debug]: Started rendering model STAGE_stage.stg_products
14:03:35.452014 [info ]: Started model STAGE_dimensions.dim_employees
14:03:35.452018 [debug]: Started rendering model STAGE_dimensions.dim_employees
14:03:35.452029 [info ]: Started model STAGE_stage.stg_employees
14:03:35.452035 [debug]: Started rendering model STAGE_stage.stg_employees
14:03:35.452042 [info ]: Started model STAGE_dimensions.dim_date
14:03:35.452046 [debug]: Started rendering model STAGE_dimensions.dim_date
14:03:35.452053 [info ]: Started model STAGE_dimensions.dim_customers
14:03:35.452057 [debug]: Started rendering model STAGE_dimensions.dim_customers
14:03:35.452063 [info ]: Started model STAGE_stage.stg_customers
14:03:35.452067 [debug]: Started rendering model STAGE_stage.stg_customers
14:03:35.452121 [debug]: Finished rendering [  0.00s] seed STAGE.raw_products [success]
14:03:35.452138 [info ]:  Succeeded [-------] seed  STAGE.raw_products (table)
14:03:35.452153 [debug]: Finished rendering [  0.00s] seed STAGE.raw_orders [success]
14:03:35.452157 [info ]:  Succeeded [-------] seed  STAGE.raw_orders (table)
14:03:35.452164 [debug]: Finished rendering [  0.00s] seed STAGE.raw_employees [success]
14:03:35.452167 [info ]:  Succeeded [-------] seed  STAGE.raw_employees (table)
14:03:35.452174 [debug]: Finished rendering [  0.00s] seed STAGE.raw_customers [success]
14:03:35.452179 [info ]:  Succeeded [-------] seed  STAGE.raw_customers (table)
14:03:35.452693 [debug]: Compiled SQL for node model.enterprise_analytics.dim_products at target\.lsp\compiled\enterprise_analytics\models\dimensions\dim_products.sql
14:03:35.452846 [debug]: Compiled SQL for node model.enterprise_analytics.fct_revenue_daily at target\.lsp\compiled\enterprise_analytics\models\facts\fct_revenue_daily.sql
14:03:35.452911 [debug]: Compiled SQL for node model.enterprise_analytics.stg_products at target\.lsp\compiled\enterprise_analytics\models\staging\stg_products.sql
14:03:35.452969 [debug]: Compiled SQL for node model.enterprise_analytics.stg_orders at target\.lsp\compiled\enterprise_analytics\models\staging\stg_orders.sql
14:03:35.452985 [debug]: Compiled SQL for node model.enterprise_analytics.fct_sales at target\.lsp\compiled\enterprise_analytics\models\facts\fct_sales.sql
14:03:35.453122 [debug]: Compiled SQL for node model.enterprise_analytics.stg_employees at target\.lsp\compiled\enterprise_analytics\models\staging\stg_employees.sql
14:03:35.453163 [debug]: Compiled SQL for node model.enterprise_analytics.dim_customers at target\.lsp\compiled\enterprise_analytics\models\dimensions\dim_customers.sql
14:03:35.453224 [debug]: Compiled SQL for node model.enterprise_analytics.dim_date at target\.lsp\compiled\enterprise_analytics\models\dimensions\dim_date.sql
14:03:35.453237 [debug]: Compiled SQL for node model.enterprise_analytics.dim_employees at target\.lsp\compiled\enterprise_analytics\models\dimensions\dim_employees.sql
14:03:35.453372 [debug]: Finished rendering [  0.00s] model STAGE_dimensions.dim_products [success]
14:03:35.453383 [debug]: Compiled SQL for node model.enterprise_analytics.stg_customers at target\.lsp\compiled\enterprise_analytics\models\staging\stg_customers.sql
14:03:35.453399 [info ]: Started analyzing (10 nodes)
14:03:35.453407 [debug]: Started analyzing model STAGE_dimensions.dim_products
14:03:35.453542 [debug]: Finished rendering [  0.00s] model STAGE_stage.fct_revenue_daily [success]
14:03:35.453573 [debug]: Started analyzing model STAGE_stage.fct_revenue_daily
14:03:35.453597 [debug]: Finished rendering [  0.00s] model STAGE_stage.stg_products [success]
14:03:35.453612 [debug]: Started analyzing model STAGE_stage.stg_products
14:03:35.453632 [debug]: Finished rendering [  0.00s] model STAGE_stage.stg_orders [success]
14:03:35.453643 [debug]: Started analyzing model STAGE_stage.stg_orders
14:03:35.453658 [debug]: Finished rendering [  0.00s] model STAGE_stage.fct_sales [success]
14:03:35.453668 [debug]: Started analyzing model STAGE_stage.fct_sales
14:03:35.453682 [debug]: Finished rendering [  0.00s] model STAGE_stage.stg_employees [success]
14:03:35.453735 [debug]: Started analyzing model STAGE_stage.stg_employees
14:03:35.453808 [debug]: Finished rendering [  0.00s] model STAGE_dimensions.dim_customers [success]
14:03:35.453833 [debug]: Started analyzing model STAGE_dimensions.dim_customers
14:03:35.453912 [debug]: Finished rendering [  0.00s] model STAGE_dimensions.dim_date [success]
14:03:35.453937 [debug]: Started analyzing model STAGE_dimensions.dim_date
14:03:35.453963 [debug]: Finished rendering [  0.00s] model STAGE_dimensions.dim_employees [success]
14:03:35.453995 [debug]: Started analyzing model STAGE_dimensions.dim_employees
14:03:35.454014 [debug]: Finished rendering [  0.00s] model STAGE_stage.stg_customers [success]
14:03:35.454024 [info ]: Finished rendering [  0.00s] (14 nodes, 0 skipped, 0 errors)
14:03:35.454035 [debug]: Started analyzing model STAGE_stage.stg_customers
14:03:35.454473 [debug]: Finished analyzing [  0.00s] model STAGE_dimensions.dim_products [success]
14:03:35.454495 [info ]:  Succeeded [  0.00s] model STAGE_dimensions.dim_products (table)
14:03:35.454519 [debug]: Finished analyzing [  0.00s] model STAGE_dimensions.dim_date [success]
14:03:35.454531 [info ]:  Succeeded [  0.00s] model STAGE_dimensions.dim_date (table)
14:03:35.454547 [debug]: Finished analyzing [  0.00s] model STAGE_stage.stg_employees [success]
14:03:35.454556 [info ]:  Succeeded [  0.00s] model STAGE_stage.stg_employees (view)
14:03:35.454736 [debug]: Finished analyzing [  0.00s] model STAGE_dimensions.dim_customers [success]
14:03:35.454753 [info ]:  Succeeded [  0.00s] model STAGE_dimensions.dim_customers (table)
14:03:35.454770 [debug]: Finished analyzing [  0.00s] model STAGE_stage.fct_revenue_daily [success]
14:03:35.454776 [info ]:  Succeeded [  0.00s] model STAGE_stage.fct_revenue_daily (table)
14:03:35.454917 [debug]: Finished analyzing [  0.00s] model STAGE_stage.stg_products [success]
14:03:35.454924 [info ]:  Succeeded [  0.00s] model STAGE_stage.stg_products (view)
14:03:35.455147 [debug]: Finished analyzing [  0.00s] model STAGE_stage.stg_customers [success]
14:03:35.455175 [info ]:  Succeeded [  0.00s] model STAGE_stage.stg_customers (view)
14:03:35.455336 [debug]: Finished analyzing [  0.00s] model STAGE_stage.stg_orders [success]
14:03:35.455352 [info ]:  Succeeded [  0.00s] model STAGE_stage.stg_orders (view)
14:03:35.455568 [debug]: Finished analyzing [  0.00s] model STAGE_dimensions.dim_employees [success]
14:03:35.455581 [info ]:  Succeeded [  0.00s] model STAGE_dimensions.dim_employees (table)
14:03:35.457159 [debug]: Finished analyzing [  0.00s] model STAGE_stage.fct_sales [success]
14:03:35.457176 [info ]: Finished analyzing [  0.00s] (10 nodes, 0 skipped, 0 errors)
14:03:35.457183 [info ]:  Succeeded [  0.00s] model STAGE_stage.fct_sales (table)
14:03:35.461469 [info ]: Started scheduling
14:03:35.461534 [info ]: Finished scheduling [  0.00s]
14:03:35.462241 [info ]: Cached model count updated: 10 models (accurate)
==================== 2026-06-24T10:19:13.871780Z | 00000000-0000-0000-0000-000000000000 ====================
==================== 2026-06-24T10:19:13.874026Z | 514c35f9-58a0-4114-b684-4fe9b94d0fef ====================
10:19:13.874643 [info ]: Starting dbt LSP server
10:19:13.876305 [info ]: Connecting to LSP client on port 8000
10:19:13.880448 [info ]: Successfully connected to LSP client
10:19:13.880566 [info ]: Creating LSP service...
10:19:13.985483 [info ]: Creating LSP server...
10:19:13.985508 [info ]: Starting LSP server...
10:19:14.267258 [info ]: Loading profiles.yml
10:19:14.347539 [info ]: Started loading project
10:19:14.354300 [info ]: Loading profiles.yml
10:19:14.388375 [info ]: Loading packages.yml
10:19:14.390402 [debug]:    Started loading packages
10:19:14.411238 [debug]:     Loaded [  0.02s] packages
10:19:14.419761 [info ]: Started parsing
10:19:14.974412 [info ]: Finished loading project [  0.63s]
10:19:15.014160 [debug]: Finished parsing models\dimensions\dim_customers.yml [  0.02s]
10:19:15.025412 [debug]: Finished parsing models\dimensions\dim_date.yml [  0.01s]
10:19:15.025677 [debug]: Finished parsing models\dimensions\dim_employees.yml [  0.00s]
10:19:15.035611 [debug]: Finished parsing models\dimensions\dim_products.yml [  0.01s]
10:19:15.043402 [debug]: Finished parsing models\facts\fct_revenue_daily.yml [  0.01s]
10:19:15.054092 [debug]: Finished parsing models\facts\fct_sales.yml [  0.01s]
10:19:15.062035 [debug]: Finished parsing models\staging\_sources.yml [  0.01s]
10:19:15.071112 [debug]: Finished parsing models\staging\stg_customers.yml [  0.01s]
10:19:15.078514 [debug]: Finished parsing models\staging\stg_employees.yml [  0.01s]
10:19:15.088386 [debug]: Finished parsing models\staging\stg_orders.yml [  0.01s]
10:19:15.100035 [debug]: Finished parsing models\staging\stg_products.yml [  0.01s]
10:19:15.176866 [debug]: Finished parsing models\dimensions\dim_customers.sql [  0.02s]
10:19:15.191003 [debug]: Finished parsing models\dimensions\dim_date.sql [  0.01s]
10:19:15.199537 [debug]: Finished parsing models\dimensions\dim_employees.sql [  0.01s]
10:19:15.208786 [debug]: Finished parsing models\dimensions\dim_products.sql [  0.01s]
10:19:15.218237 [debug]: Finished parsing models\facts\fct_revenue_daily.sql [  0.01s]
10:19:15.227249 [debug]: Finished parsing models\facts\fct_sales.sql [  0.01s]
10:19:15.236127 [debug]: Finished parsing models\staging\stg_customers.sql [  0.01s]
10:19:15.244830 [debug]: Finished parsing models\staging\stg_employees.sql [  0.01s]
10:19:15.253939 [debug]: Finished parsing models\staging\stg_orders.sql [  0.01s]
10:19:15.262106 [debug]: Finished parsing models\staging\stg_products.sql [  0.01s]
10:19:15.276848 [info ]: Finished parsing [  0.86s]
10:19:15.279065 [info ]: Cached model count updated: 10 models (estimate)
10:19:15.279082 [info ]: Cached model count updated: 10 models (accurate)
10:19:15.280149 [info ]: Started scheduling
10:19:15.282935 [info ]: Finished scheduling [  0.00s]
10:19:15.283242 [debug]: Compilation - 0 nodes selected: {}
10:19:15.283745 [warn ]: [NoNodesForSelectionCriteria (dbt1092)]: The selection criterion '' does not match any enabled nodes
10:19:15.284127 [warn ]: [NoNodesSelected (dbt1601)]: Nothing to do. Try checking your model configs and model specification args
10:19:15.284427 [info ]: Started scheduling
10:19:15.285568 [info ]: Finished scheduling [  0.00s]
10:19:15.287279 [debug]: Initializing schema store with entry: Frontier(CanonicalFqn { catalog: "SALES", schema: "STAGE", table: "RAW_ORDERS" }) and interval: None
10:19:15.287529 [debug]: Initializing schema store with entry: Frontier(CanonicalFqn { catalog: "SALES", schema: "STAGE", table: "RAW_CUSTOMERS" }) and interval: None
10:19:15.287550 [debug]: Initializing schema store with entry: Frontier(CanonicalFqn { catalog: "SALES", schema: "STAGE", table: "RAW_PRODUCTS" }) and interval: None
10:19:15.287565 [debug]: Initializing schema store with entry: Frontier(CanonicalFqn { catalog: "SALES", schema: "STAGE", table: "RAW_EMPLOYEES" }) and interval: None
10:19:15.309755 [debug]: License from file C:\Users\HitheshPatel\.dbt\license.17878 is in refresh window, attempting remote refresh
10:19:15.311906 [debug]: Requesting license from https://ih492.us1.dbt.com/api/private/accounts/17878/feature-licenses/ with 1 key IDs: ["fusion-prod-2025-11-20"]
10:19:16.072399 [debug]: License successfully retrieved from remote
10:19:16.072505 [debug]: License loaded from remote server ih492.us1.dbt.com
10:19:16.073051 [debug]: License cached to file for account 17878
10:19:16.112160 [info ]: Started building task graph
10:19:16.113614 [info ]: Finished building task graph [  0.00s]
10:19:16.146362 [info ]: Started scheduling
10:19:16.146425 [info ]: Finished scheduling [  0.00s]
10:19:16.146999 [info ]: Cached model count updated: 10 models (accurate)
10:19:17.737355 [info ]: Started loading project
10:19:17.738158 [info ]: Loading profiles.yml
10:19:17.762334 [info ]: Cached model count updated: 10 models (estimate)
10:19:17.762372 [info ]: Cached model count updated: 10 models (accurate)
10:19:17.762436 [info ]: Started scheduling
10:19:17.762591 [info ]: Finished scheduling [  0.00s]
10:19:17.762611 [debug]: Compilation - 14 nodes selected: {"model.enterprise_analytics.dim_customers", "model.enterprise_analytics.dim_date", "model.enterprise_analytics.dim_employees", "model.enterprise_analytics.dim_products", "model.enterprise_analytics.fct_revenue_daily", "model.enterprise_analytics.fct_sales", "model.enterprise_analytics.stg_customers", "model.enterprise_analytics.stg_employees", "model.enterprise_analytics.stg_orders", "model.enterprise_analytics.stg_products", "seed.enterprise_analytics.raw_customers", "seed.enterprise_analytics.raw_employees", "seed.enterprise_analytics.raw_orders", "seed.enterprise_analytics.raw_products"}
10:19:17.790314 [info ]: Started building task graph
10:19:17.793961 [info ]: Finished building task graph [  0.00s]
10:19:17.794186 [info ]: Finished loading project [  0.06s]
10:19:17.839999 [info ]: Started rendering (14 nodes)
10:19:17.841706 [info ]: Started seed STAGE.raw_products
10:19:17.841803 [debug]: Started rendering seed STAGE.raw_products
10:19:17.842769 [info ]: Started seed STAGE.raw_orders
10:19:17.842804 [debug]: Started rendering seed STAGE.raw_orders
10:19:17.842932 [info ]: Started seed STAGE.raw_employees
10:19:17.842989 [debug]: Started rendering seed STAGE.raw_employees
10:19:17.843037 [info ]: Started seed STAGE.raw_customers
10:19:17.843056 [debug]: Started rendering seed STAGE.raw_customers
10:19:17.843106 [info ]: Started model STAGE_stage.fct_revenue_daily
10:19:17.843142 [debug]: Started rendering model STAGE_stage.fct_revenue_daily
10:19:17.843170 [info ]: Started model STAGE_stage.fct_sales
10:19:17.843187 [debug]: Started rendering model STAGE_stage.fct_sales
10:19:17.843214 [info ]: Started model STAGE_stage.stg_orders
10:19:17.843229 [debug]: Started rendering model STAGE_stage.stg_orders
10:19:17.843271 [info ]: Started model STAGE_dimensions.dim_products
10:19:17.843298 [debug]: Started rendering model STAGE_dimensions.dim_products
10:19:17.843325 [info ]: Started model STAGE_stage.stg_products
10:19:17.843341 [debug]: Started rendering model STAGE_stage.stg_products
10:19:17.843364 [info ]: Started model STAGE_dimensions.dim_employees
10:19:17.843380 [debug]: Started rendering model STAGE_dimensions.dim_employees
10:19:17.843405 [info ]: Started model STAGE_stage.stg_employees
10:19:17.843426 [debug]: Started rendering model STAGE_stage.stg_employees
10:19:17.843451 [info ]: Started model STAGE_dimensions.dim_date
10:19:17.843466 [debug]: Started rendering model STAGE_dimensions.dim_date
10:19:17.843487 [info ]: Started model STAGE_dimensions.dim_customers
10:19:17.843502 [debug]: Started rendering model STAGE_dimensions.dim_customers
10:19:17.843524 [info ]: Started model STAGE_stage.stg_customers
10:19:17.843544 [debug]: Started rendering model STAGE_stage.stg_customers
10:19:17.845399 [debug]: Finished rendering [  0.00s] seed STAGE.raw_products [success]
10:19:17.845469 [info ]:  Succeeded [  0.00s] seed  STAGE.raw_products (table)
10:19:17.845836 [debug]: Finished rendering [  0.00s] seed STAGE.raw_customers [success]
10:19:17.845874 [info ]:  Succeeded [  0.00s] seed  STAGE.raw_customers (table)
10:19:17.845905 [debug]: Finished rendering [  0.00s] seed STAGE.raw_employees [success]
10:19:17.845916 [info ]:  Succeeded [  0.00s] seed  STAGE.raw_employees (table)
10:19:17.845940 [debug]: Finished rendering [  0.00s] seed STAGE.raw_orders [success]
10:19:17.845950 [info ]:  Succeeded [  0.00s] seed  STAGE.raw_orders (table)
10:19:17.860223 [debug]: Compiled SQL for node model.enterprise_analytics.dim_date at target\.lsp\compiled\enterprise_analytics\models\dimensions\dim_date.sql
10:19:17.861056 [debug]: Compiled SQL for node model.enterprise_analytics.fct_revenue_daily at target\.lsp\compiled\enterprise_analytics\models\facts\fct_revenue_daily.sql
10:19:17.861850 [debug]: Finished rendering [  0.02s] model STAGE_dimensions.dim_date [success]
10:19:17.862541 [info ]: Started analyzing (10 nodes)
10:19:17.863852 [debug]: Compiled SQL for node model.enterprise_analytics.stg_employees at target\.lsp\compiled\enterprise_analytics\models\staging\stg_employees.sql
10:19:17.862594 [debug]: Started analyzing model STAGE_dimensions.dim_date
10:19:17.864378 [debug]: Finished rendering [  0.02s] model STAGE_stage.fct_revenue_daily [success]
10:19:17.864422 [debug]: Started analyzing model STAGE_stage.fct_revenue_daily
10:19:17.864443 [debug]: Finished rendering [  0.02s] model STAGE_stage.stg_employees [success]
10:19:17.864455 [debug]: Started analyzing model STAGE_stage.stg_employees
10:19:17.865445 [debug]: Compiled SQL for node model.enterprise_analytics.stg_orders at target\.lsp\compiled\enterprise_analytics\models\staging\stg_orders.sql
10:19:17.866212 [debug]: Compiled SQL for node model.enterprise_analytics.stg_customers at target\.lsp\compiled\enterprise_analytics\models\staging\stg_customers.sql
10:19:17.866659 [debug]: Finished rendering [  0.02s] model STAGE_stage.stg_orders [success]
10:19:17.866753 [debug]: Started analyzing model STAGE_stage.stg_orders
10:19:17.866874 [debug]: Finished rendering [  0.02s] model STAGE_stage.stg_customers [success]
10:19:17.866922 [debug]: Started analyzing model STAGE_stage.stg_customers
10:19:17.867525 [debug]: Compiled SQL for node model.enterprise_analytics.stg_products at target\.lsp\compiled\enterprise_analytics\models\staging\stg_products.sql
10:19:17.867859 [debug]: Finished rendering [  0.02s] model STAGE_stage.stg_products [success]
10:19:17.867931 [debug]: Started analyzing model STAGE_stage.stg_products
10:19:17.905415 [debug]: Finished analyzing [  0.04s] model STAGE_dimensions.dim_date [success]
10:19:17.905469 [info ]:  Succeeded [  0.06s] model STAGE_dimensions.dim_date (table)
10:19:17.905504 [debug]: Finished analyzing [  0.04s] model STAGE_stage.stg_employees [success]
10:19:17.905517 [info ]:  Succeeded [  0.06s] model STAGE_stage.stg_employees (view)
10:19:17.905540 [debug]: Finished analyzing [  0.04s] model STAGE_stage.stg_products [success]
10:19:17.905552 [info ]:  Succeeded [  0.06s] model STAGE_stage.stg_products (view)
10:19:17.905758 [debug]: Finished analyzing [  0.04s] model STAGE_stage.stg_customers [success]
10:19:17.905790 [info ]:  Succeeded [  0.06s] model STAGE_stage.stg_customers (view)
10:19:17.905853 [debug]: Finished analyzing [  0.04s] model STAGE_stage.stg_orders [success]
10:19:17.905871 [info ]:  Succeeded [  0.06s] model STAGE_stage.stg_orders (view)
10:19:17.910952 [debug]: Finished analyzing [  0.05s] model STAGE_stage.fct_revenue_daily [success]
10:19:17.910994 [info ]:  Succeeded [  0.07s] model STAGE_stage.fct_revenue_daily (table)
10:19:17.912880 [debug]: Compiled SQL for node model.enterprise_analytics.dim_customers at target\.lsp\compiled\enterprise_analytics\models\dimensions\dim_customers.sql
10:19:17.913122 [debug]: Finished rendering [  0.07s] model STAGE_dimensions.dim_customers [success]
10:19:17.913186 [debug]: Started analyzing model STAGE_dimensions.dim_customers
10:19:17.913277 [debug]: Compiled SQL for node model.enterprise_analytics.fct_sales at target\.lsp\compiled\enterprise_analytics\models\facts\fct_sales.sql
10:19:17.913346 [debug]: Compiled SQL for node model.enterprise_analytics.dim_employees at target\.lsp\compiled\enterprise_analytics\models\dimensions\dim_employees.sql
10:19:17.913544 [debug]: Finished rendering [  0.07s] model STAGE_stage.fct_sales [success]
10:19:17.913600 [debug]: Started analyzing model STAGE_stage.fct_sales
10:19:17.913640 [debug]: Finished rendering [  0.07s] model STAGE_dimensions.dim_employees [success]
10:19:17.913664 [debug]: Started analyzing model STAGE_dimensions.dim_employees
10:19:17.913778 [debug]: Compiled SQL for node model.enterprise_analytics.dim_products at target\.lsp\compiled\enterprise_analytics\models\dimensions\dim_products.sql
10:19:17.914416 [debug]: Finished rendering [  0.07s] model STAGE_dimensions.dim_products [success]
10:19:17.914578 [info ]: Finished rendering [  0.07s] (14 nodes, 0 skipped, 0 errors)
10:19:17.914639 [debug]: Started analyzing model STAGE_dimensions.dim_products
10:19:17.925662 [debug]: Finished analyzing [  0.01s] model STAGE_dimensions.dim_customers [success]
10:19:17.925720 [info ]:  Succeeded [  0.08s] model STAGE_dimensions.dim_customers (table)
10:19:17.927550 [debug]: Finished analyzing [  0.01s] model STAGE_dimensions.dim_products [success]
10:19:17.927602 [info ]:  Succeeded [  0.08s] model STAGE_dimensions.dim_products (table)
10:19:17.928635 [debug]: Finished analyzing [  0.01s] model STAGE_dimensions.dim_employees [success]
10:19:17.928720 [info ]:  Succeeded [  0.08s] model STAGE_dimensions.dim_employees (table)
10:19:17.938459 [debug]: Finished analyzing [  0.02s] model STAGE_stage.fct_sales [success]
10:19:17.938498 [info ]: Finished analyzing [  0.08s] (10 nodes, 0 skipped, 0 errors)
10:19:17.938509 [info ]:  Succeeded [  0.09s] model STAGE_stage.fct_sales (table)
10:19:17.942964 [info ]: Started scheduling
10:19:17.943019 [info ]: Finished scheduling [  0.00s]
10:19:17.943528 [info ]: Cached model count updated: 10 models (accurate)
10:19:19.018525 [info ]: Started loading project
10:19:19.019315 [info ]: Loading profiles.yml
10:19:19.044756 [info ]: Finished loading project [  0.03s]
10:19:19.045223 [info ]: Cached model count updated: 10 models (accurate)
10:19:20.668095 [info ]: Started loading project
10:19:20.669995 [info ]: Loading profiles.yml
10:19:20.712037 [info ]: Cached model count updated: 10 models (estimate)
10:19:20.712069 [info ]: Cached model count updated: 10 models (accurate)
10:19:20.712124 [info ]: Started scheduling
10:19:20.712281 [info ]: Finished scheduling [  0.00s]
10:19:20.712306 [debug]: Compilation - 14 nodes selected: {"model.enterprise_analytics.dim_customers", "model.enterprise_analytics.dim_date", "model.enterprise_analytics.dim_employees", "model.enterprise_analytics.dim_products", "model.enterprise_analytics.fct_revenue_daily", "model.enterprise_analytics.fct_sales", "model.enterprise_analytics.stg_customers", "model.enterprise_analytics.stg_employees", "model.enterprise_analytics.stg_orders", "model.enterprise_analytics.stg_products", "seed.enterprise_analytics.raw_customers", "seed.enterprise_analytics.raw_employees", "seed.enterprise_analytics.raw_orders", "seed.enterprise_analytics.raw_products"}
10:19:20.739875 [info ]: Started building task graph
10:19:20.739979 [info ]: Finished building task graph [  0.00s]
10:19:20.740190 [info ]: Finished loading project [  0.07s]
10:19:20.743688 [info ]: Started rendering (14 nodes)
10:19:20.743717 [info ]: Started seed STAGE.raw_products
10:19:20.743725 [debug]: Started rendering seed STAGE.raw_products
10:19:20.743742 [info ]: Started seed STAGE.raw_orders
10:19:20.743747 [debug]: Started rendering seed STAGE.raw_orders
10:19:20.743754 [info ]: Started seed STAGE.raw_employees
10:19:20.743759 [debug]: Started rendering seed STAGE.raw_employees
10:19:20.743765 [info ]: Started seed STAGE.raw_customers
10:19:20.743771 [debug]: Started rendering seed STAGE.raw_customers
10:19:20.743779 [info ]: Started model STAGE_stage.fct_revenue_daily
10:19:20.743782 [debug]: Started rendering model STAGE_stage.fct_revenue_daily
10:19:20.743788 [info ]: Started model STAGE_stage.fct_sales
10:19:20.743791 [debug]: Started rendering model STAGE_stage.fct_sales
10:19:20.743798 [info ]: Started model STAGE_stage.stg_orders
10:19:20.743802 [debug]: Started rendering model STAGE_stage.stg_orders
10:19:20.743807 [info ]: Started model STAGE_dimensions.dim_products
10:19:20.743811 [debug]: Started rendering model STAGE_dimensions.dim_products
10:19:20.743818 [info ]: Started model STAGE_stage.stg_products
10:19:20.743823 [debug]: Started rendering model STAGE_stage.stg_products
10:19:20.743830 [info ]: Started model STAGE_dimensions.dim_employees
10:19:20.743834 [debug]: Started rendering model STAGE_dimensions.dim_employees
10:19:20.743841 [info ]: Started model STAGE_stage.stg_employees
10:19:20.743845 [debug]: Started rendering model STAGE_stage.stg_employees
10:19:20.743851 [info ]: Started model STAGE_dimensions.dim_date
10:19:20.743854 [debug]: Started rendering model STAGE_dimensions.dim_date
10:19:20.743860 [info ]: Started model STAGE_dimensions.dim_customers
10:19:20.743864 [debug]: Started rendering model STAGE_dimensions.dim_customers
10:19:20.743870 [info ]: Started model STAGE_stage.stg_customers
10:19:20.743876 [debug]: Started rendering model STAGE_stage.stg_customers
10:19:20.743895 [debug]: Finished rendering [  0.00s] seed STAGE.raw_products [success]
10:19:20.743909 [info ]:  Succeeded [-------] seed  STAGE.raw_products (table)
10:19:20.743922 [debug]: Finished rendering [  0.00s] seed STAGE.raw_orders [success]
10:19:20.743925 [info ]:  Succeeded [-------] seed  STAGE.raw_orders (table)
10:19:20.743932 [debug]: Finished rendering [  0.00s] seed STAGE.raw_employees [success]
10:19:20.743935 [info ]:  Succeeded [-------] seed  STAGE.raw_employees (table)
10:19:20.743943 [debug]: Finished rendering [  0.00s] seed STAGE.raw_customers [success]
10:19:20.743946 [info ]:  Succeeded [-------] seed  STAGE.raw_customers (table)
10:19:20.744458 [debug]: Compiled SQL for node model.enterprise_analytics.dim_date at target\.lsp\compiled\enterprise_analytics\models\dimensions\dim_date.sql
10:19:20.744517 [debug]: Finished rendering [  0.00s] model STAGE_dimensions.dim_date [success]
10:19:20.744546 [info ]: Started analyzing (10 nodes)
10:19:20.744555 [debug]: Started analyzing model STAGE_dimensions.dim_date
10:19:20.745011 [debug]: Finished analyzing [  0.00s] model STAGE_dimensions.dim_date [success]
10:19:20.745023 [info ]:  Succeeded [-------] model STAGE_dimensions.dim_date (table)
10:19:20.750825 [debug]: Compiled SQL for node model.enterprise_analytics.stg_products at target\.lsp\compiled\enterprise_analytics\models\staging\stg_products.sql
10:19:20.750830 [debug]: Compiled SQL for node model.enterprise_analytics.stg_orders at target\.lsp\compiled\enterprise_analytics\models\staging\stg_orders.sql
10:19:20.750847 [debug]: Compiled SQL for node model.enterprise_analytics.dim_customers at target\.lsp\compiled\enterprise_analytics\models\dimensions\dim_customers.sql
10:19:20.750905 [debug]: Compiled SQL for node model.enterprise_analytics.fct_sales at target\.lsp\compiled\enterprise_analytics\models\facts\fct_sales.sql
10:19:20.750919 [debug]: Compiled SQL for node model.enterprise_analytics.dim_employees at target\.lsp\compiled\enterprise_analytics\models\dimensions\dim_employees.sql
10:19:20.750923 [debug]: Compiled SQL for node model.enterprise_analytics.stg_customers at target\.lsp\compiled\enterprise_analytics\models\staging\stg_customers.sql
10:19:20.750943 [debug]: Compiled SQL for node model.enterprise_analytics.fct_revenue_daily at target\.lsp\compiled\enterprise_analytics\models\facts\fct_revenue_daily.sql
10:19:20.750976 [debug]: Compiled SQL for node model.enterprise_analytics.dim_products at target\.lsp\compiled\enterprise_analytics\models\dimensions\dim_products.sql
10:19:20.751008 [debug]: Compiled SQL for node model.enterprise_analytics.stg_employees at target\.lsp\compiled\enterprise_analytics\models\staging\stg_employees.sql
10:19:20.751007 [debug]: Finished rendering [  0.01s] model STAGE_stage.stg_products [success]
10:19:20.751036 [debug]: Started analyzing model STAGE_stage.stg_products
10:19:20.751048 [debug]: Finished rendering [  0.01s] model STAGE_stage.stg_orders [success]
10:19:20.751054 [debug]: Started analyzing model STAGE_stage.stg_orders
10:19:20.751064 [debug]: Started analyzing model STAGE_dimensions.dim_customers
10:19:20.751077 [debug]: Finished rendering [  0.01s] model STAGE_dimensions.dim_customers [success]
10:19:20.751096 [debug]: Finished rendering [  0.01s] model STAGE_stage.fct_sales [success]
10:19:20.751122 [debug]: Started analyzing model STAGE_stage.fct_sales
10:19:20.751139 [debug]: Finished rendering [  0.01s] model STAGE_dimensions.dim_employees [success]
10:19:20.751149 [debug]: Started analyzing model STAGE_dimensions.dim_employees
10:19:20.751259 [debug]: Finished rendering [  0.01s] model STAGE_stage.stg_customers [success]
10:19:20.751278 [debug]: Started analyzing model STAGE_stage.stg_customers
10:19:20.751289 [debug]: Finished rendering [  0.01s] model STAGE_stage.fct_revenue_daily [success]
10:19:20.751296 [debug]: Started analyzing model STAGE_stage.fct_revenue_daily
10:19:20.751351 [debug]: Finished rendering [  0.01s] model STAGE_dimensions.dim_products [success]
10:19:20.751386 [debug]: Started analyzing model STAGE_dimensions.dim_products
10:19:20.751412 [debug]: Finished rendering [  0.01s] model STAGE_stage.stg_employees [success]
10:19:20.751425 [info ]: Finished rendering [  0.01s] (14 nodes, 0 skipped, 0 errors)
10:19:20.751438 [debug]: Started analyzing model STAGE_stage.stg_employees
10:19:20.751455 [debug]: Finished analyzing [  0.00s] model STAGE_stage.stg_products [success]
10:19:20.751468 [info ]:  Succeeded [  0.01s] model STAGE_stage.stg_products (view)
10:19:20.751652 [debug]: Finished analyzing [  0.00s] model STAGE_stage.stg_customers [success]
10:19:20.751664 [info ]:  Succeeded [  0.01s] model STAGE_stage.stg_customers (view)
10:19:20.751728 [debug]: Finished analyzing [  0.00s] model STAGE_stage.stg_orders [success]
10:19:20.751737 [info ]:  Succeeded [  0.01s] model STAGE_stage.stg_orders (view)
10:19:20.751837 [debug]: Finished analyzing [  0.00s] model STAGE_stage.stg_employees [success]
10:19:20.751841 [info ]:  Succeeded [  0.01s] model STAGE_stage.stg_employees (view)
10:19:20.752040 [debug]: Finished analyzing [  0.00s] model STAGE_dimensions.dim_products [success]
10:19:20.752072 [info ]:  Succeeded [  0.01s] model STAGE_dimensions.dim_products (table)
10:19:20.752094 [debug]: Finished analyzing [  0.00s] model STAGE_stage.fct_revenue_daily [success]
10:19:20.752102 [info ]:  Succeeded [  0.01s] model STAGE_stage.fct_revenue_daily (table)
10:19:20.752177 [debug]: Finished analyzing [  0.00s] model STAGE_dimensions.dim_customers [success]
10:19:20.752197 [info ]:  Succeeded [  0.01s] model STAGE_dimensions.dim_customers (table)
10:19:20.752602 [debug]: Finished analyzing [  0.00s] model STAGE_dimensions.dim_employees [success]
10:19:20.752615 [info ]:  Succeeded [  0.01s] model STAGE_dimensions.dim_employees (table)
10:19:20.753784 [debug]: Finished analyzing [  0.00s] model STAGE_stage.fct_sales [success]
10:19:20.753795 [info ]: Finished analyzing [  0.01s] (10 nodes, 0 skipped, 0 errors)
10:19:20.753800 [info ]:  Succeeded [  0.01s] model STAGE_stage.fct_sales (table)
10:19:20.757595 [info ]: Started scheduling
10:19:20.757646 [info ]: Finished scheduling [  0.00s]
10:19:20.758228 [info ]: Cached model count updated: 10 models (accurate)
10:19:44.372035 [info ]: Started loading project
10:19:44.372963 [info ]: Loading profiles.yml
10:19:44.410400 [info ]: Finished loading project [  0.04s]
10:19:44.410794 [info ]: Cached model count updated: 10 models (accurate)
10:19:44.959904 [info ]: Started loading project
10:19:44.962413 [info ]: Loading profiles.yml
10:19:44.988304 [info ]: Finished loading project [  0.03s]
10:19:44.988588 [info ]: Cached model count updated: 10 models (accurate)
10:19:46.603031 [info ]: Started loading project
10:19:46.604721 [info ]: Loading profiles.yml
10:19:46.633386 [info ]: Cached model count updated: 10 models (estimate)
10:19:46.633409 [info ]: Cached model count updated: 10 models (accurate)
10:19:46.633456 [info ]: Started scheduling
10:19:46.633552 [info ]: Finished scheduling [  0.00s]
10:19:46.633566 [debug]: Compilation - 14 nodes selected: {"model.enterprise_analytics.dim_customers", "model.enterprise_analytics.dim_date", "model.enterprise_analytics.dim_employees", "model.enterprise_analytics.dim_products", "model.enterprise_analytics.fct_revenue_daily", "model.enterprise_analytics.fct_sales", "model.enterprise_analytics.stg_customers", "model.enterprise_analytics.stg_employees", "model.enterprise_analytics.stg_orders", "model.enterprise_analytics.stg_products", "seed.enterprise_analytics.raw_customers", "seed.enterprise_analytics.raw_employees", "seed.enterprise_analytics.raw_orders", "seed.enterprise_analytics.raw_products"}
10:19:46.657525 [info ]: Started building task graph
10:19:46.657604 [info ]: Finished building task graph [  0.00s]
10:19:46.657984 [info ]: Finished loading project [  0.05s]
10:19:46.662240 [info ]: Started rendering (14 nodes)
10:19:46.662269 [info ]: Started seed STAGE.raw_products
10:19:46.662277 [debug]: Started rendering seed STAGE.raw_products
10:19:46.662296 [info ]: Started seed STAGE.raw_orders
10:19:46.662302 [debug]: Started rendering seed STAGE.raw_orders
10:19:46.662307 [info ]: Started seed STAGE.raw_employees
10:19:46.662313 [debug]: Started rendering seed STAGE.raw_employees
10:19:46.662318 [info ]: Started seed STAGE.raw_customers
10:19:46.662322 [debug]: Started rendering seed STAGE.raw_customers
10:19:46.662334 [info ]: Started model STAGE_stage.fct_revenue_daily
10:19:46.662337 [debug]: Started rendering model STAGE_stage.fct_revenue_daily
10:19:46.662345 [info ]: Started model STAGE_stage.fct_sales
10:19:46.662348 [debug]: Started rendering model STAGE_stage.fct_sales
10:19:46.662353 [info ]: Started model STAGE_stage.stg_orders
10:19:46.662357 [debug]: Started rendering model STAGE_stage.stg_orders
10:19:46.662362 [info ]: Started model STAGE_dimensions.dim_products
10:19:46.662366 [debug]: Started rendering model STAGE_dimensions.dim_products
10:19:46.662375 [info ]: Started model STAGE_stage.stg_products
10:19:46.662380 [debug]: Started rendering model STAGE_stage.stg_products
10:19:46.662387 [info ]: Started model STAGE_dimensions.dim_employees
10:19:46.662392 [debug]: Started rendering model STAGE_dimensions.dim_employees
10:19:46.662409 [info ]: Started model STAGE_stage.stg_employees
10:19:46.662417 [debug]: Started rendering model STAGE_stage.stg_employees
10:19:46.662425 [info ]: Started model STAGE_dimensions.dim_date
10:19:46.662429 [debug]: Started rendering model STAGE_dimensions.dim_date
10:19:46.662438 [info ]: Started model STAGE_dimensions.dim_customers
10:19:46.662443 [debug]: Started rendering model STAGE_dimensions.dim_customers
10:19:46.662453 [info ]: Started model STAGE_stage.stg_customers
10:19:46.662458 [debug]: Started rendering model STAGE_stage.stg_customers
10:19:46.662488 [debug]: Finished rendering [  0.00s] seed STAGE.raw_products [success]
10:19:46.662511 [info ]:  Succeeded [-------] seed  STAGE.raw_products (table)
10:19:46.662534 [debug]: Finished rendering [  0.00s] seed STAGE.raw_employees [success]
10:19:46.662537 [info ]:  Succeeded [-------] seed  STAGE.raw_employees (table)
10:19:46.662543 [debug]: Finished rendering [  0.00s] seed STAGE.raw_customers [success]
10:19:46.662546 [info ]:  Succeeded [-------] seed  STAGE.raw_customers (table)
10:19:46.662552 [debug]: Finished rendering [  0.00s] seed STAGE.raw_orders [success]
10:19:46.662555 [info ]:  Succeeded [-------] seed  STAGE.raw_orders (table)
10:19:46.663044 [debug]: Compiled SQL for node model.enterprise_analytics.stg_orders at target\.lsp\compiled\enterprise_analytics\models\staging\stg_orders.sql
10:19:46.663058 [debug]: Compiled SQL for node model.enterprise_analytics.dim_products at target\.lsp\compiled\enterprise_analytics\models\dimensions\dim_products.sql
10:19:46.663156 [debug]: Compiled SQL for node model.enterprise_analytics.stg_products at target\.lsp\compiled\enterprise_analytics\models\staging\stg_products.sql
10:19:46.663185 [debug]: Finished rendering [  0.00s] model STAGE_stage.stg_orders [success]
10:19:46.663223 [info ]: Started analyzing (10 nodes)
10:19:46.663242 [debug]: Started analyzing model STAGE_stage.stg_orders
10:19:46.663272 [debug]: Finished rendering [  0.00s] model STAGE_dimensions.dim_products [success]
10:19:46.663280 [debug]: Compiled SQL for node model.enterprise_analytics.fct_sales at target\.lsp\compiled\enterprise_analytics\models\facts\fct_sales.sql
10:19:46.663289 [debug]: Started analyzing model STAGE_dimensions.dim_products
10:19:46.663296 [debug]: Compiled SQL for node model.enterprise_analytics.dim_employees at target\.lsp\compiled\enterprise_analytics\models\dimensions\dim_employees.sql
10:19:46.663337 [debug]: Compiled SQL for node model.enterprise_analytics.stg_customers at target\.lsp\compiled\enterprise_analytics\models\staging\stg_customers.sql
10:19:46.663385 [debug]: Compiled SQL for node model.enterprise_analytics.dim_date at target\.lsp\compiled\enterprise_analytics\models\dimensions\dim_date.sql
10:19:46.663453 [debug]: Finished rendering [  0.00s] model STAGE_stage.stg_products [success]
10:19:46.663466 [debug]: Compiled SQL for node model.enterprise_analytics.stg_employees at target\.lsp\compiled\enterprise_analytics\models\staging\stg_employees.sql
10:19:46.663483 [debug]: Started analyzing model STAGE_stage.stg_products
10:19:46.663505 [debug]: Finished rendering [  0.00s] model STAGE_stage.fct_sales [success]
10:19:46.663519 [debug]: Started analyzing model STAGE_stage.fct_sales
10:19:46.663540 [debug]: Finished rendering [  0.00s] model STAGE_dimensions.dim_employees [success]
10:19:46.663554 [debug]: Started analyzing model STAGE_dimensions.dim_employees
10:19:46.663577 [debug]: Finished rendering [  0.00s] model STAGE_stage.stg_customers [success]
10:19:46.663589 [debug]: Started analyzing model STAGE_stage.stg_customers
10:19:46.663586 [debug]: Compiled SQL for node model.enterprise_analytics.fct_revenue_daily at target\.lsp\compiled\enterprise_analytics\models\facts\fct_revenue_daily.sql
10:19:46.663608 [debug]: Finished rendering [  0.00s] model STAGE_dimensions.dim_date [success]
10:19:46.663616 [debug]: Started analyzing model STAGE_dimensions.dim_date
10:19:46.663630 [debug]: Finished rendering [  0.00s] model STAGE_stage.stg_employees [success]
10:19:46.663642 [debug]: Started analyzing model STAGE_stage.stg_employees
10:19:46.663659 [debug]: Finished rendering [  0.00s] model STAGE_stage.fct_revenue_daily [success]
10:19:46.663668 [debug]: Started analyzing model STAGE_stage.fct_revenue_daily
10:19:46.663776 [debug]: Finished analyzing [  0.00s] model STAGE_stage.stg_products [success]
10:19:46.663796 [info ]:  Succeeded [  0.00s] model STAGE_stage.stg_products (view)
10:19:46.663935 [debug]: Finished analyzing [  0.00s] model STAGE_stage.stg_employees [success]
10:19:46.663959 [info ]:  Succeeded [  0.00s] model STAGE_stage.stg_employees (view)
10:19:46.664095 [debug]: Compiled SQL for node model.enterprise_analytics.dim_customers at target\.lsp\compiled\enterprise_analytics\models\dimensions\dim_customers.sql
10:19:46.664112 [debug]: Finished analyzing [  0.00s] model STAGE_stage.stg_orders [success]
10:19:46.664124 [info ]:  Succeeded [-------] model STAGE_stage.stg_orders (view)
10:19:46.664140 [debug]: Finished analyzing [  0.00s] model STAGE_dimensions.dim_date [success]
10:19:46.664160 [info ]:  Succeeded [  0.00s] model STAGE_dimensions.dim_date (table)
10:19:46.664172 [debug]: Finished analyzing [  0.00s] model STAGE_dimensions.dim_products [success]
10:19:46.664178 [info ]:  Succeeded [-------] model STAGE_dimensions.dim_products (table)
10:19:46.664193 [debug]: Finished rendering [  0.00s] model STAGE_dimensions.dim_customers [success]
10:19:46.664200 [info ]: Finished rendering [  0.00s] (14 nodes, 0 skipped, 0 errors)
10:19:46.664211 [debug]: Started analyzing model STAGE_dimensions.dim_customers
10:19:46.664251 [debug]: Finished analyzing [  0.00s] model STAGE_stage.stg_customers [success]
10:19:46.664263 [info ]:  Succeeded [  0.00s] model STAGE_stage.stg_customers (view)
10:19:46.664339 [debug]: Finished analyzing [  0.00s] model STAGE_stage.fct_revenue_daily [success]
10:19:46.664355 [info ]:  Succeeded [  0.00s] model STAGE_stage.fct_revenue_daily (table)
10:19:46.664456 [debug]: Finished analyzing [  0.00s] model STAGE_dimensions.dim_employees [success]
10:19:46.664473 [info ]:  Succeeded [  0.00s] model STAGE_dimensions.dim_employees (table)
10:19:46.664492 [debug]: Finished analyzing [  0.00s] model STAGE_dimensions.dim_customers [success]
10:19:46.664500 [info ]:  Succeeded [  0.00s] model STAGE_dimensions.dim_customers (table)
10:19:46.665950 [debug]: Finished analyzing [  0.00s] model STAGE_stage.fct_sales [success]
10:19:46.665965 [info ]: Finished analyzing [  0.00s] (10 nodes, 0 skipped, 0 errors)
10:19:46.665971 [info ]:  Succeeded [  0.00s] model STAGE_stage.fct_sales (table)
10:19:46.669513 [info ]: Started scheduling
10:19:46.669561 [info ]: Finished scheduling [  0.00s]
10:19:46.670137 [info ]: Cached model count updated: 10 models (accurate)
13:29:58.520051 [info ]: Started loading project
13:29:58.546277 [info ]: Loading profiles.yml
13:29:58.627059 [info ]: Finished loading project [  0.11s]
13:29:58.627590 [info ]: Cached model count updated: 10 models (accurate)
13:29:59.443309 [info ]: Started loading project
13:29:59.444078 [info ]: Loading profiles.yml
13:29:59.477126 [info ]: Finished loading project [  0.03s]
13:29:59.477248 [info ]: Cached model count updated: 10 models (accurate)
13:30:01.127376 [info ]: Started loading project
13:30:01.128119 [info ]: Loading profiles.yml
13:30:01.154358 [info ]: Cached model count updated: 10 models (estimate)
13:30:01.154384 [info ]: Cached model count updated: 10 models (accurate)
13:30:01.154437 [info ]: Started scheduling
13:30:01.154568 [info ]: Finished scheduling [  0.00s]
13:30:01.154587 [debug]: Compilation - 14 nodes selected: {"model.enterprise_analytics.dim_customers", "model.enterprise_analytics.dim_date", "model.enterprise_analytics.dim_employees", "model.enterprise_analytics.dim_products", "model.enterprise_analytics.fct_revenue_daily", "model.enterprise_analytics.fct_sales", "model.enterprise_analytics.stg_customers", "model.enterprise_analytics.stg_employees", "model.enterprise_analytics.stg_orders", "model.enterprise_analytics.stg_products", "seed.enterprise_analytics.raw_customers", "seed.enterprise_analytics.raw_employees", "seed.enterprise_analytics.raw_orders", "seed.enterprise_analytics.raw_products"}
13:30:02.015175 [info ]: Started building task graph
13:30:02.015315 [info ]: Finished building task graph [  0.00s]
13:30:02.015566 [info ]: Finished loading project [  0.89s]
13:30:02.040258 [info ]: Started rendering (14 nodes)
13:30:02.040318 [info ]: Started seed STAGE.raw_products
13:30:02.040337 [debug]: Started rendering seed STAGE.raw_products
13:30:02.040388 [info ]: Started seed STAGE.raw_orders
13:30:02.040405 [debug]: Started rendering seed STAGE.raw_orders
13:30:02.040424 [info ]: Started seed STAGE.raw_employees
13:30:02.040442 [debug]: Started rendering seed STAGE.raw_employees
13:30:02.040460 [info ]: Started seed STAGE.raw_customers
13:30:02.040476 [debug]: Started rendering seed STAGE.raw_customers
13:30:02.040499 [info ]: Started model STAGE_stage.fct_revenue_daily
13:30:02.040512 [debug]: Started rendering model STAGE_stage.fct_revenue_daily
13:30:02.040534 [info ]: Started model STAGE_stage.fct_sales
13:30:02.040547 [debug]: Started rendering model STAGE_stage.fct_sales
13:30:02.040564 [info ]: Started model STAGE_stage.stg_orders
13:30:02.040573 [debug]: Started rendering model STAGE_stage.stg_orders
13:30:02.040590 [info ]: Started model STAGE_dimensions.dim_products
13:30:02.040601 [debug]: Started rendering model STAGE_dimensions.dim_products
13:30:02.040703 [info ]: Started model STAGE_stage.stg_products
13:30:02.040721 [debug]: Started rendering model STAGE_stage.stg_products
13:30:02.040814 [info ]: Started model STAGE_dimensions.dim_employees
13:30:02.040825 [debug]: Started rendering model STAGE_dimensions.dim_employees
13:30:02.040844 [info ]: Started model STAGE_stage.stg_employees
13:30:02.040861 [debug]: Started rendering model STAGE_stage.stg_employees
13:30:02.040888 [info ]: Started model STAGE_dimensions.dim_date
13:30:02.040902 [debug]: Started rendering model STAGE_dimensions.dim_date
13:30:02.040935 [info ]: Started model STAGE_dimensions.dim_customers
13:30:02.040955 [debug]: Started rendering model STAGE_dimensions.dim_customers
13:30:02.040978 [info ]: Started model STAGE_stage.stg_customers
13:30:02.040986 [debug]: Started rendering model STAGE_stage.stg_customers
13:30:02.041025 [debug]: Finished rendering [  0.00s] seed STAGE.raw_products [success]
13:30:02.041050 [info ]:  Succeeded [-------] seed  STAGE.raw_products (table)
13:30:02.041087 [debug]: Finished rendering [  0.00s] seed STAGE.raw_orders [success]
13:30:02.041103 [info ]:  Succeeded [-------] seed  STAGE.raw_orders (table)
13:30:02.041125 [debug]: Finished rendering [  0.00s] seed STAGE.raw_employees [success]
13:30:02.041136 [info ]:  Succeeded [-------] seed  STAGE.raw_employees (table)
13:30:02.041165 [debug]: Finished rendering [  0.00s] seed STAGE.raw_customers [success]
13:30:02.041176 [info ]:  Succeeded [-------] seed  STAGE.raw_customers (table)
13:30:02.074247 [debug]: Compiled SQL for node model.enterprise_analytics.stg_orders at target\.lsp\compiled\enterprise_analytics\models\staging\stg_orders.sql
13:30:02.074400 [debug]: Finished rendering [  0.03s] model STAGE_stage.stg_orders [success]
13:30:02.074468 [info ]: Started analyzing (10 nodes)
13:30:02.074491 [debug]: Started analyzing model STAGE_stage.stg_orders
13:30:02.076346 [debug]: Finished analyzing [  0.00s] model STAGE_stage.stg_orders [success]
13:30:02.076388 [info ]:  Succeeded [  0.03s] model STAGE_stage.stg_orders (view)
13:30:02.078316 [debug]: Compiled SQL for node model.enterprise_analytics.fct_revenue_daily at target\.lsp\compiled\enterprise_analytics\models\facts\fct_revenue_daily.sql
13:30:02.078497 [debug]: Finished rendering [  0.04s] model STAGE_stage.fct_revenue_daily [success]
13:30:02.078571 [debug]: Started analyzing model STAGE_stage.fct_revenue_daily
13:30:02.079949 [debug]: Finished analyzing [  0.00s] model STAGE_stage.fct_revenue_daily [success]
13:30:02.079991 [info ]:  Succeeded [  0.04s] model STAGE_stage.fct_revenue_daily (table)
13:30:02.082361 [debug]: Compiled SQL for node model.enterprise_analytics.dim_date at target\.lsp\compiled\enterprise_analytics\models\dimensions\dim_date.sql
13:30:02.082541 [debug]: Finished rendering [  0.04s] model STAGE_dimensions.dim_date [success]
13:30:02.082602 [debug]: Started analyzing model STAGE_dimensions.dim_date
13:30:02.083607 [debug]: Finished analyzing [  0.00s] model STAGE_dimensions.dim_date [success]
13:30:02.083642 [info ]:  Succeeded [  0.04s] model STAGE_dimensions.dim_date (table)
13:30:02.095240 [debug]: Compiled SQL for node model.enterprise_analytics.dim_customers at target\.lsp\compiled\enterprise_analytics\models\dimensions\dim_customers.sql
13:30:02.095394 [debug]: Compiled SQL for node model.enterprise_analytics.dim_products at target\.lsp\compiled\enterprise_analytics\models\dimensions\dim_products.sql
13:30:02.095398 [debug]: Compiled SQL for node model.enterprise_analytics.stg_products at target\.lsp\compiled\enterprise_analytics\models\staging\stg_products.sql
13:30:02.095426 [debug]: Finished rendering [  0.05s] model STAGE_dimensions.dim_customers [success]
13:30:02.095454 [debug]: Compiled SQL for node model.enterprise_analytics.fct_sales at target\.lsp\compiled\enterprise_analytics\models\facts\fct_sales.sql
13:30:02.095482 [debug]: Started analyzing model STAGE_dimensions.dim_customers
13:30:02.095535 [debug]: Finished rendering [  0.05s] model STAGE_stage.stg_products [success]
13:30:02.095565 [debug]: Started analyzing model STAGE_stage.stg_products
13:30:02.095616 [debug]: Finished rendering [  0.06s] model STAGE_dimensions.dim_products [success]
13:30:02.095641 [debug]: Started analyzing model STAGE_dimensions.dim_products
13:30:02.095671 [debug]: Finished rendering [  0.06s] model STAGE_stage.fct_sales [success]
13:30:02.095697 [debug]: Started analyzing model STAGE_stage.fct_sales
13:30:02.096240 [debug]: Finished analyzing [  0.00s] model STAGE_stage.stg_products [success]
13:30:02.096279 [info ]:  Succeeded [  0.05s] model STAGE_stage.stg_products (view)
13:30:02.096473 [debug]: Finished analyzing [  0.00s] model STAGE_dimensions.dim_customers [success]
13:30:02.096498 [info ]:  Succeeded [  0.05s] model STAGE_dimensions.dim_customers (table)
13:30:02.097009 [debug]: Finished analyzing [  0.00s] model STAGE_dimensions.dim_products [success]
13:30:02.097053 [info ]:  Succeeded [  0.06s] model STAGE_dimensions.dim_products (table)
13:30:02.099847 [debug]: Compiled SQL for node model.enterprise_analytics.stg_customers at target\.lsp\compiled\enterprise_analytics\models\staging\stg_customers.sql
13:30:02.099964 [debug]: Finished rendering [  0.06s] model STAGE_stage.stg_customers [success]
13:30:02.100001 [debug]: Started analyzing model STAGE_stage.stg_customers
13:30:02.100029 [debug]: Finished analyzing [  0.00s] model STAGE_stage.fct_sales [success]
13:30:02.100042 [info ]:  Succeeded [  0.06s] model STAGE_stage.fct_sales (table)
13:30:02.100504 [debug]: Finished analyzing [  0.00s] model STAGE_stage.stg_customers [success]
13:30:02.100528 [info ]:  Succeeded [  0.06s] model STAGE_stage.stg_customers (view)
13:30:02.102245 [debug]: Compiled SQL for node model.enterprise_analytics.stg_employees at target\.lsp\compiled\enterprise_analytics\models\staging\stg_employees.sql
13:30:02.102371 [debug]: Finished rendering [  0.06s] model STAGE_stage.stg_employees [success]
13:30:02.102443 [debug]: Started analyzing model STAGE_stage.stg_employees
13:30:02.102859 [debug]: Finished analyzing [  0.00s] model STAGE_stage.stg_employees [success]
13:30:02.102885 [info ]:  Succeeded [  0.06s] model STAGE_stage.stg_employees (view)
13:30:02.107579 [debug]: Compiled SQL for node model.enterprise_analytics.dim_employees at target\.lsp\compiled\enterprise_analytics\models\dimensions\dim_employees.sql
13:30:02.107700 [debug]: Finished rendering [  0.07s] model STAGE_dimensions.dim_employees [success]
13:30:02.107719 [info ]: Finished rendering [  0.07s] (14 nodes, 0 skipped, 0 errors)
13:30:02.107741 [debug]: Started analyzing model STAGE_dimensions.dim_employees
13:30:02.108760 [debug]: Finished analyzing [  0.00s] model STAGE_dimensions.dim_employees [success]
13:30:02.108777 [info ]: Finished analyzing [  0.03s] (10 nodes, 0 skipped, 0 errors)
13:30:02.108786 [info ]:  Succeeded [  0.07s] model STAGE_dimensions.dim_employees (table)
13:30:02.112791 [info ]: Started scheduling
13:30:02.112849 [info ]: Finished scheduling [  0.00s]
13:30:02.114117 [info ]: Cached model count updated: 10 models (accurate)
==================== 2026-06-24T13:58:23.525955Z | 00000000-0000-0000-0000-000000000000 ====================
==================== 2026-06-24T13:58:23.526306Z | a1cec719-7c5e-4bbe-8661-36195b3a50c1 ====================
13:58:23.526385 [info ]: Starting dbt LSP server
13:58:23.526437 [info ]: Connecting to LSP client on port 8000
13:58:23.532787 [info ]: Successfully connected to LSP client
13:58:23.532832 [info ]: Creating LSP service...
13:58:23.662171 [info ]: Creating LSP server...
13:58:23.662207 [info ]: Starting LSP server...
13:58:23.881359 [info ]: Loading profiles.yml
13:58:23.945965 [info ]: Started loading project
13:58:23.947142 [info ]: Loading profiles.yml
13:58:23.994695 [info ]: Loading packages.yml
13:58:23.994960 [debug]:    Started loading packages
13:58:24.028118 [debug]:     Loaded [  0.03s] packages
13:58:24.029522 [info ]: Started parsing
13:58:25.136858 [info ]: Finished loading project [  1.19s]
13:58:25.167804 [debug]: Finished parsing models\dimensions\dim_customers.yml [  0.02s]
13:58:25.190595 [debug]: Finished parsing models\dimensions\dim_date.yml [  0.02s]
13:58:25.208969 [debug]: Finished parsing models\dimensions\dim_employees.yml [  0.02s]
13:58:25.225720 [debug]: Finished parsing models\dimensions\dim_products.yml [  0.02s]
13:58:25.242887 [debug]: Finished parsing models\facts\fct_revenue_daily.yml [  0.02s]
13:58:25.262242 [debug]: Finished parsing models\facts\fct_sales.yml [  0.02s]
13:58:25.262551 [debug]: Finished parsing models\staging\_sources.yml [  0.00s]
13:58:25.279798 [debug]: Finished parsing models\staging\stg_customers.yml [  0.02s]
13:58:25.296930 [debug]: Finished parsing models\staging\stg_employees.yml [  0.02s]
13:58:25.316378 [debug]: Finished parsing models\staging\stg_orders.yml [  0.02s]
13:58:25.335282 [debug]: Finished parsing models\staging\stg_products.yml [  0.02s]
13:58:25.431562 [debug]: Finished parsing models\dimensions\dim_customers.sql [  0.02s]
13:58:25.451028 [debug]: Finished parsing models\dimensions\dim_date.sql [  0.02s]
13:58:25.471436 [debug]: Finished parsing models\dimensions\dim_employees.sql [  0.02s]
13:58:25.489603 [debug]: Finished parsing models\dimensions\dim_products.sql [  0.02s]
13:58:25.507309 [debug]: Finished parsing models\facts\fct_revenue_daily.sql [  0.02s]
13:58:25.525603 [debug]: Finished parsing models\facts\fct_sales.sql [  0.02s]
13:58:25.543291 [debug]: Finished parsing models\staging\stg_customers.sql [  0.02s]
13:58:25.561219 [debug]: Finished parsing models\staging\stg_employees.sql [  0.02s]
13:58:25.580678 [debug]: Finished parsing models\staging\stg_orders.sql [  0.02s]
13:58:25.600405 [debug]: Finished parsing models\staging\stg_products.sql [  0.02s]
13:58:25.614532 [info ]: Finished parsing [  1.59s]
13:58:25.616062 [info ]: Cached model count updated: 10 models (estimate)
13:58:25.616088 [info ]: Cached model count updated: 10 models (accurate)
13:58:25.616202 [info ]: Started scheduling
13:58:25.633135 [info ]: Finished scheduling [  0.02s]
13:58:25.633229 [debug]: Compilation - 0 nodes selected: {}
13:58:25.633761 [warn ]: [NoNodesForSelectionCriteria (dbt1092)]: The selection criterion '+source:enterprise_analytics.raw.raw_orders +source:enterprise_analytics.raw.raw_products +source:enterprise_analytics.raw.raw_employees +source:enterprise_analytics.raw.raw_customers' does not match any enabled nodes
13:58:25.633964 [warn ]: [NoNodesSelected (dbt1601)]: Nothing to do. Try checking your model configs and model specification args
13:58:25.634051 [info ]: Started scheduling
13:58:25.634448 [info ]: Finished scheduling [  0.00s]
13:58:25.634670 [debug]: Initializing schema store with entry: Frontier(CanonicalFqn { catalog: "SALES", schema: "STAGE", table: "RAW_ORDERS" }) and interval: None
13:58:25.634857 [debug]: Initializing schema store with entry: Frontier(CanonicalFqn { catalog: "SALES", schema: "STAGE", table: "RAW_CUSTOMERS" }) and interval: None
13:58:25.634941 [debug]: Initializing schema store with entry: Frontier(CanonicalFqn { catalog: "SALES", schema: "STAGE", table: "RAW_EMPLOYEES" }) and interval: None
13:58:25.634998 [debug]: Initializing schema store with entry: Frontier(CanonicalFqn { catalog: "SALES", schema: "STAGE", table: "RAW_PRODUCTS" }) and interval: None
13:58:25.665540 [debug]: License from file C:\Users\HitheshPatel\.dbt\license.17878 is in refresh window, attempting remote refresh
13:58:25.670040 [debug]: Requesting license from https://ih492.us1.dbt.com/api/private/accounts/17878/feature-licenses/ with 1 key IDs: ["fusion-prod-2025-11-20"]
13:58:26.437342 [debug]: License successfully retrieved from remote
13:58:26.437609 [debug]: License loaded from remote server ih492.us1.dbt.com
13:58:26.438544 [debug]: License cached to file for account 17878
13:58:26.458415 [info ]: Waiting for lease on 'target' directory
13:58:27.011372 [info ]: Started loading project
13:58:27.012150 [info ]: Loading profiles.yml
13:58:27.018046 [info ]: Loading packages.yml
13:58:27.018465 [debug]:    Started loading packages
13:58:27.027976 [debug]:     Loaded [  0.01s] packages
13:58:27.028959 [info ]: Started parsing
13:58:27.074668 [info ]: Finished loading project [  0.06s]
13:58:27.082783 [debug]: Finished parsing models\dimensions\dim_customers.yml [  0.00s]
13:58:27.083511 [debug]: Finished parsing models\dimensions\dim_date.yml [  0.00s]
13:58:27.084116 [debug]: Finished parsing models\dimensions\dim_employees.yml [  0.00s]
13:58:27.084476 [debug]: Finished parsing models\dimensions\dim_products.yml [  0.00s]
13:58:27.085050 [debug]: Finished parsing models\facts\fct_revenue_daily.yml [  0.00s]
13:58:27.085758 [debug]: Finished parsing models\facts\fct_sales.yml [  0.00s]
13:58:27.086002 [debug]: Finished parsing models\staging\_sources.yml [  0.00s]
13:58:27.086287 [debug]: Finished parsing models\staging\stg_customers.yml [  0.00s]
13:58:27.086539 [debug]: Finished parsing models\staging\stg_employees.yml [  0.00s]
13:58:27.086810 [debug]: Finished parsing models\staging\stg_orders.yml [  0.00s]
13:58:27.087056 [debug]: Finished parsing models\staging\stg_products.yml [  0.00s]
13:58:27.092099 [debug]: Finished parsing models\dimensions\dim_customers.sql [  0.00s]
13:58:27.092547 [debug]: Finished parsing models\dimensions\dim_date.sql [  0.00s]
13:58:27.093281 [debug]: Finished parsing models\dimensions\dim_employees.sql [  0.00s]
13:58:27.094099 [debug]: Finished parsing models\dimensions\dim_products.sql [  0.00s]
13:58:27.094713 [debug]: Finished parsing models\facts\fct_revenue_daily.sql [  0.00s]
13:58:27.095811 [debug]: Finished parsing models\facts\fct_sales.sql [  0.00s]
13:58:27.096489 [debug]: Finished parsing models\staging\stg_customers.sql [  0.00s]
13:58:27.097125 [debug]: Finished parsing models\staging\stg_employees.sql [  0.00s]
13:58:27.097800 [debug]: Finished parsing models\staging\stg_orders.sql [  0.00s]
13:58:27.098479 [debug]: Finished parsing models\staging\stg_products.sql [  0.00s]
13:58:27.110345 [info ]: Finished parsing [  0.08s]
13:58:27.111109 [info ]: Cached model count updated: 10 models (estimate)
13:58:27.111123 [info ]: Cached model count updated: 10 models (accurate)
13:58:27.111167 [info ]: Started scheduling
13:58:27.111244 [info ]: Finished scheduling [  0.00s]
13:58:27.111256 [debug]: Compilation - 0 nodes selected: {}
13:58:27.111273 [warn ]: [NoNodesForSelectionCriteria (dbt1092)]: The selection criterion '+source:enterprise_analytics.raw.raw_customers +source:enterprise_analytics.raw.raw_products +source:enterprise_analytics.raw.raw_orders +source:enterprise_analytics.raw.raw_employees' does not match any enabled nodes
13:58:27.111284 [warn ]: [NoNodesSelected (dbt1601)]: Nothing to do. Try checking your model configs and model specification args
13:58:27.111290 [info ]: Started scheduling
13:58:27.111393 [info ]: Finished scheduling [  0.00s]
13:58:27.111446 [debug]: Initializing schema store with entry: Frontier(CanonicalFqn { catalog: "SALES", schema: "STAGE", table: "RAW_CUSTOMERS" }) and interval: None
13:58:27.111502 [debug]: Initializing schema store with entry: Frontier(CanonicalFqn { catalog: "SALES", schema: "STAGE", table: "RAW_ORDERS" }) and interval: None
13:58:27.111529 [debug]: Initializing schema store with entry: Frontier(CanonicalFqn { catalog: "SALES", schema: "STAGE", table: "RAW_PRODUCTS" }) and interval: None
13:58:27.111542 [debug]: Initializing schema store with entry: Frontier(CanonicalFqn { catalog: "SALES", schema: "STAGE", table: "RAW_EMPLOYEES" }) and interval: None
13:58:27.171103 [info ]: Started building task graph
13:58:27.171193 [info ]: Finished building task graph [  0.00s]
13:58:27.176980 [info ]: Started scheduling
13:58:27.177068 [info ]: Finished scheduling [  0.00s]
13:58:27.177707 [info ]: Cached model count updated: 10 models (accurate)
13:58:27.978991 [info ]: Started loading project
13:58:27.980182 [info ]: Loading profiles.yml
13:58:27.989973 [info ]: Started loading project
13:58:27.990707 [info ]: Loading profiles.yml
13:58:27.990795 [info ]: Finished loading project [  0.01s]
13:58:27.994537 [info ]: Loading packages.yml
13:58:27.994618 [debug]:    Started loading packages
13:58:28.003545 [debug]:     Loaded [  0.01s] packages
13:58:28.004678 [info ]: Started parsing
13:58:28.043891 [info ]: Finished loading project [  0.05s]
13:58:28.047563 [debug]: Finished parsing models\dimensions\dim_date.yml [  0.00s]
13:58:28.047810 [debug]: Finished parsing models\dimensions\dim_employees.yml [  0.00s]
13:58:28.048031 [debug]: Finished parsing models\dimensions\dim_products.yml [  0.00s]
13:58:28.048403 [debug]: Finished parsing models\facts\fct_revenue_daily.yml [  0.00s]
13:58:28.049048 [debug]: Finished parsing models\facts\fct_sales.yml [  0.00s]
13:58:28.049340 [debug]: Finished parsing models\staging\_sources.yml [  0.00s]
13:58:28.049623 [debug]: Finished parsing models\staging\stg_customers.yml [  0.00s]
13:58:28.050581 [debug]: Finished parsing models\staging\stg_employees.yml [  0.00s]
13:58:28.050885 [debug]: Finished parsing models\staging\stg_orders.yml [  0.00s]
13:58:28.051180 [debug]: Finished parsing models\staging\stg_products.yml [  0.00s]
13:58:28.055848 [debug]: Finished parsing models\dimensions\dim_customers.sql [  0.00s]
13:58:28.056373 [debug]: Finished parsing models\dimensions\dim_date.sql [  0.00s]
13:58:28.057168 [debug]: Finished parsing models\dimensions\dim_employees.sql [  0.00s]
13:58:28.058158 [debug]: Finished parsing models\dimensions\dim_products.sql [  0.00s]
13:58:28.059103 [debug]: Finished parsing models\facts\fct_revenue_daily.sql [  0.00s]
13:58:28.059858 [debug]: Finished parsing models\facts\fct_sales.sql [  0.00s]
13:58:28.060396 [debug]: Finished parsing models\staging\stg_customers.sql [  0.00s]
13:58:28.060928 [debug]: Finished parsing models\staging\stg_employees.sql [  0.00s]
13:58:28.061390 [debug]: Finished parsing models\staging\stg_orders.sql [  0.00s]
13:58:28.061839 [debug]: Finished parsing models\staging\stg_products.sql [  0.00s]
13:58:28.073801 [info ]: Finished parsing [  0.07s]
13:58:28.074508 [info ]: Cached model count updated: 10 models (estimate)
13:58:28.074524 [info ]: Cached model count updated: 10 models (accurate)
13:58:28.074561 [info ]: Started scheduling
13:58:28.074598 [info ]: Finished scheduling [  0.00s]
13:58:28.074606 [debug]: Compilation - 0 nodes selected: {}
13:58:28.074620 [warn ]: [NoNodesForSelectionCriteria (dbt1092)]: The selection criterion '' does not match any enabled nodes
13:58:28.074633 [warn ]: [NoNodesSelected (dbt1601)]: Nothing to do. Try checking your model configs and model specification args
13:58:28.074639 [info ]: Started scheduling
13:58:28.074723 [info ]: Finished scheduling [  0.00s]
13:58:28.074770 [debug]: Initializing schema store with entry: Frontier(CanonicalFqn { catalog: "SALES", schema: "STAGE", table: "RAW_ORDERS" }) and interval: None
13:58:28.074811 [debug]: Initializing schema store with entry: Frontier(CanonicalFqn { catalog: "SALES", schema: "STAGE", table: "RAW_EMPLOYEES" }) and interval: None
13:58:28.074828 [debug]: Initializing schema store with entry: Frontier(CanonicalFqn { catalog: "SALES", schema: "STAGE", table: "RAW_CUSTOMERS" }) and interval: None
13:58:28.074843 [debug]: Initializing schema store with entry: Frontier(CanonicalFqn { catalog: "SALES", schema: "STAGE", table: "RAW_PRODUCTS" }) and interval: None
13:58:28.135108 [info ]: Started building task graph
13:58:28.135146 [info ]: Finished building task graph [  0.00s]
13:58:28.139949 [info ]: Started scheduling
13:58:28.140017 [info ]: Finished scheduling [  0.00s]
13:58:28.157984 [info ]: Cached model count updated: 10 models (accurate)
13:58:29.408101 [info ]: Started loading project
13:58:29.408942 [info ]: Loading profiles.yml
13:58:29.441333 [info ]: Finished loading project [  0.03s]
13:58:29.441782 [info ]: Cached model count updated: 10 models (accurate)
13:58:29.996276 [info ]: Started loading project
13:58:29.996996 [info ]: Loading profiles.yml
13:58:30.003963 [info ]: Started loading project
13:58:30.004558 [info ]: Loading profiles.yml
13:58:30.004688 [info ]: Finished loading project [  0.01s]
13:58:30.009559 [info ]: Loading packages.yml
13:58:30.009661 [debug]:    Started loading packages
13:58:30.017081 [debug]:     Loaded [  0.01s] packages
13:58:30.017985 [info ]: Started parsing
13:58:30.051294 [info ]: Finished loading project [  0.05s]
13:58:30.054792 [debug]: Finished parsing models\dimensions\dim_employees.yml [  0.00s]
13:58:30.055199 [debug]: Finished parsing models\dimensions\dim_products.yml [  0.00s]
13:58:30.055500 [debug]: Finished parsing models\facts\fct_revenue_daily.yml [  0.00s]
13:58:30.055865 [debug]: Finished parsing models\facts\fct_sales.yml [  0.00s]
13:58:30.056069 [debug]: Finished parsing models\staging\_sources.yml [  0.00s]
13:58:30.056322 [debug]: Finished parsing models\staging\stg_customers.yml [  0.00s]
13:58:30.056536 [debug]: Finished parsing models\staging\stg_employees.yml [  0.00s]
13:58:30.056777 [debug]: Finished parsing models\staging\stg_orders.yml [  0.00s]
13:58:30.056959 [debug]: Finished parsing models\staging\stg_products.yml [  0.00s]
13:58:30.061172 [debug]: Finished parsing models\dimensions\dim_customers.sql [  0.00s]
13:58:30.061769 [debug]: Finished parsing models\dimensions\dim_date.sql [  0.00s]
13:58:30.063262 [debug]: Finished parsing models\dimensions\dim_employees.sql [  0.00s]
13:58:30.064203 [debug]: Finished parsing models\dimensions\dim_products.sql [  0.00s]
13:58:30.065221 [debug]: Finished parsing models\facts\fct_revenue_daily.sql [  0.00s]
13:58:30.066709 [debug]: Finished parsing models\facts\fct_sales.sql [  0.00s]
13:58:30.067562 [debug]: Finished parsing models\staging\stg_customers.sql [  0.00s]
13:58:30.068372 [debug]: Finished parsing models\staging\stg_employees.sql [  0.00s]
13:58:30.068932 [debug]: Finished parsing models\staging\stg_orders.sql [  0.00s]
13:58:30.069549 [debug]: Finished parsing models\staging\stg_products.sql [  0.00s]
13:58:30.079082 [info ]: Finished parsing [  0.06s]
13:58:30.079869 [info ]: Cached model count updated: 10 models (estimate)
13:58:30.079884 [info ]: Cached model count updated: 10 models (accurate)
13:58:30.079918 [info ]: Started scheduling
13:58:30.079956 [info ]: Finished scheduling [  0.00s]
13:58:30.079966 [debug]: Compilation - 0 nodes selected: {}
13:58:30.079978 [warn ]: [NoNodesForSelectionCriteria (dbt1092)]: The selection criterion '' does not match any enabled nodes
13:58:30.079989 [warn ]: [NoNodesSelected (dbt1601)]: Nothing to do. Try checking your model configs and model specification args
13:58:30.079995 [info ]: Started scheduling
13:58:30.080118 [info ]: Finished scheduling [  0.00s]
13:58:30.080161 [debug]: Initializing schema store with entry: Frontier(CanonicalFqn { catalog: "SALES", schema: "STAGE", table: "RAW_CUSTOMERS" }) and interval: None
13:58:30.080199 [debug]: Initializing schema store with entry: Frontier(CanonicalFqn { catalog: "SALES", schema: "STAGE", table: "RAW_ORDERS" }) and interval: None
13:58:30.080218 [debug]: Initializing schema store with entry: Frontier(CanonicalFqn { catalog: "SALES", schema: "STAGE", table: "RAW_PRODUCTS" }) and interval: None
13:58:30.080235 [debug]: Initializing schema store with entry: Frontier(CanonicalFqn { catalog: "SALES", schema: "STAGE", table: "RAW_EMPLOYEES" }) and interval: None
13:58:30.126090 [info ]: Started building task graph
13:58:30.126123 [info ]: Finished building task graph [  0.00s]
13:58:30.130000 [info ]: Started scheduling
13:58:30.130055 [info ]: Finished scheduling [  0.00s]
13:58:30.133733 [info ]: Cached model count updated: 10 models (accurate)
13:58:31.494398 [info ]: Started loading project
13:58:31.495650 [info ]: Loading profiles.yml
13:58:31.506943 [info ]: Started loading project
13:58:31.507998 [info ]: Loading profiles.yml
13:58:31.508051 [info ]: Finished loading project [  0.01s]
13:58:31.515387 [info ]: Loading packages.yml
13:58:31.515609 [debug]:    Started loading packages
13:58:31.525494 [debug]:     Loaded [  0.01s] packages
13:58:31.526383 [info ]: Started parsing
13:58:31.564105 [info ]: Finished loading project [  0.06s]
13:58:31.570785 [debug]: Finished parsing models\dimensions\dim_products.yml [  0.00s]
13:58:31.571339 [debug]: Finished parsing models\facts\fct_revenue_daily.yml [  0.00s]
13:58:31.571801 [debug]: Finished parsing models\facts\fct_sales.yml [  0.00s]
13:58:31.571999 [debug]: Finished parsing models\staging\_sources.yml [  0.00s]
13:58:31.572240 [debug]: Finished parsing models\staging\stg_customers.yml [  0.00s]
13:58:31.572437 [debug]: Finished parsing models\staging\stg_employees.yml [  0.00s]
13:58:31.572681 [debug]: Finished parsing models\staging\stg_orders.yml [  0.00s]
13:58:31.572887 [debug]: Finished parsing models\staging\stg_products.yml [  0.00s]
13:58:31.577372 [debug]: Finished parsing models\dimensions\dim_customers.sql [  0.00s]
13:58:31.578139 [debug]: Finished parsing models\dimensions\dim_date.sql [  0.00s]
13:58:31.579164 [debug]: Finished parsing models\dimensions\dim_employees.sql [  0.00s]
13:58:31.580657 [debug]: Finished parsing models\dimensions\dim_products.sql [  0.00s]
13:58:31.582206 [debug]: Finished parsing models\facts\fct_revenue_daily.sql [  0.00s]
13:58:31.585235 [debug]: Finished parsing models\facts\fct_sales.sql [  0.00s]
13:58:31.586097 [debug]: Finished parsing models\staging\stg_customers.sql [  0.00s]
13:58:31.587090 [debug]: Finished parsing models\staging\stg_employees.sql [  0.00s]
13:58:31.588160 [debug]: Finished parsing models\staging\stg_orders.sql [  0.00s]
13:58:31.589028 [debug]: Finished parsing models\staging\stg_products.sql [  0.00s]
13:58:31.599290 [info ]: Finished parsing [  0.07s]
13:58:31.599995 [info ]: Cached model count updated: 10 models (estimate)
13:58:31.600012 [info ]: Cached model count updated: 10 models (accurate)
13:58:31.600050 [info ]: Started scheduling
13:58:31.600088 [info ]: Finished scheduling [  0.00s]
13:58:31.600096 [debug]: Compilation - 0 nodes selected: {}
13:58:31.600107 [warn ]: [NoNodesForSelectionCriteria (dbt1092)]: The selection criterion '' does not match any enabled nodes
13:58:31.600116 [warn ]: [NoNodesSelected (dbt1601)]: Nothing to do. Try checking your model configs and model specification args
13:58:31.600121 [info ]: Started scheduling
13:58:31.600208 [info ]: Finished scheduling [  0.00s]
13:58:31.600257 [debug]: Initializing schema store with entry: Frontier(CanonicalFqn { catalog: "SALES", schema: "STAGE", table: "RAW_CUSTOMERS" }) and interval: None
13:58:31.600295 [debug]: Initializing schema store with entry: Frontier(CanonicalFqn { catalog: "SALES", schema: "STAGE", table: "RAW_ORDERS" }) and interval: None
13:58:31.600311 [debug]: Initializing schema store with entry: Frontier(CanonicalFqn { catalog: "SALES", schema: "STAGE", table: "RAW_PRODUCTS" }) and interval: None
13:58:31.600325 [debug]: Initializing schema store with entry: Frontier(CanonicalFqn { catalog: "SALES", schema: "STAGE", table: "RAW_EMPLOYEES" }) and interval: None
13:58:31.654319 [info ]: Started building task graph
13:58:31.654365 [info ]: Finished building task graph [  0.00s]
13:58:31.661504 [info ]: Started scheduling
13:58:31.661635 [info ]: Finished scheduling [  0.00s]
13:58:31.665295 [info ]: Cached model count updated: 10 models (accurate)
13:58:31.944082 [info ]: Waiting for lease on 'target' directory
13:58:32.066688 [info ]: Started loading project
13:58:32.068260 [info ]: Loading profiles.yml
13:58:32.099919 [info ]: Finished loading project [  0.03s]
13:58:32.100846 [info ]: Cached model count updated: 10 models (accurate)
13:58:33.437015 [info ]: Started loading project
13:58:33.438647 [info ]: Loading profiles.yml
13:58:33.478932 [info ]: Finished loading project [  0.04s]
13:58:33.479270 [info ]: Cached model count updated: 10 models (accurate)
13:58:34.290920 [info ]: Started loading project
13:58:34.291889 [info ]: Loading profiles.yml
13:58:34.299311 [info ]: Started loading project
13:58:34.300337 [info ]: Loading profiles.yml
13:58:34.300492 [info ]: Finished loading project [  0.01s]
13:58:34.304839 [info ]: Loading packages.yml
13:58:34.304931 [debug]:    Started loading packages
13:58:34.312484 [debug]:     Loaded [  0.01s] packages
13:58:34.313417 [info ]: Started parsing
13:58:34.350420 [info ]: Finished loading project [  0.05s]
13:58:34.353168 [debug]: Finished parsing models\facts\fct_revenue_daily.yml [  0.00s]
13:58:34.353574 [debug]: Finished parsing models\facts\fct_sales.yml [  0.00s]
13:58:34.353747 [debug]: Finished parsing models\staging\_sources.yml [  0.00s]
13:58:34.353997 [debug]: Finished parsing models\staging\stg_customers.yml [  0.00s]
13:58:34.354230 [debug]: Finished parsing models\staging\stg_employees.yml [  0.00s]
13:58:34.354573 [debug]: Finished parsing models\staging\stg_orders.yml [  0.00s]
13:58:34.354792 [debug]: Finished parsing models\staging\stg_products.yml [  0.00s]
13:58:34.358800 [debug]: Finished parsing models\dimensions\dim_customers.sql [  0.00s]
13:58:34.359275 [debug]: Finished parsing models\dimensions\dim_date.sql [  0.00s]
13:58:34.359931 [debug]: Finished parsing models\dimensions\dim_employees.sql [  0.00s]
13:58:34.360694 [debug]: Finished parsing models\dimensions\dim_products.sql [  0.00s]
13:58:34.361579 [debug]: Finished parsing models\facts\fct_revenue_daily.sql [  0.00s]
13:58:34.362531 [debug]: Finished parsing models\facts\fct_sales.sql [  0.00s]
13:58:34.363121 [debug]: Finished parsing models\staging\stg_customers.sql [  0.00s]
13:58:34.363800 [debug]: Finished parsing models\staging\stg_employees.sql [  0.00s]
13:58:34.364470 [debug]: Finished parsing models\staging\stg_orders.sql [  0.00s]
13:58:34.365459 [debug]: Finished parsing models\staging\stg_products.sql [  0.00s]
13:58:34.375082 [info ]: Finished parsing [  0.06s]
13:58:34.375750 [info ]: Cached model count updated: 10 models (estimate)
13:58:34.375765 [info ]: Cached model count updated: 10 models (accurate)
13:58:34.375798 [info ]: Started scheduling
13:58:34.375834 [info ]: Finished scheduling [  0.00s]
13:58:34.375842 [debug]: Compilation - 0 nodes selected: {}
13:58:34.375859 [warn ]: [NoNodesForSelectionCriteria (dbt1092)]: The selection criterion '' does not match any enabled nodes
13:58:34.375868 [warn ]: [NoNodesSelected (dbt1601)]: Nothing to do. Try checking your model configs and model specification args
13:58:34.375875 [info ]: Started scheduling
13:58:34.375960 [info ]: Finished scheduling [  0.00s]
13:58:34.376004 [debug]: Initializing schema store with entry: Frontier(CanonicalFqn { catalog: "SALES", schema: "STAGE", table: "RAW_ORDERS" }) and interval: None
13:58:34.376068 [debug]: Initializing schema store with entry: Frontier(CanonicalFqn { catalog: "SALES", schema: "STAGE", table: "RAW_PRODUCTS" }) and interval: None
13:58:34.376107 [debug]: Initializing schema store with entry: Frontier(CanonicalFqn { catalog: "SALES", schema: "STAGE", table: "RAW_CUSTOMERS" }) and interval: None
13:58:34.376120 [debug]: Initializing schema store with entry: Frontier(CanonicalFqn { catalog: "SALES", schema: "STAGE", table: "RAW_EMPLOYEES" }) and interval: None
13:58:34.419749 [info ]: Started building task graph
13:58:34.419786 [info ]: Finished building task graph [  0.00s]
13:58:34.423935 [info ]: Started scheduling
13:58:34.423984 [info ]: Finished scheduling [  0.00s]
13:58:34.425936 [info ]: Cached model count updated: 10 models (accurate)
13:58:36.136591 [info ]: Started loading project
13:58:36.137691 [info ]: Loading profiles.yml
13:58:36.172402 [info ]: Cached model count updated: 10 models (estimate)
13:58:36.172429 [info ]: Cached model count updated: 10 models (accurate)
13:58:36.172474 [info ]: Started scheduling
13:58:36.172634 [info ]: Finished scheduling [  0.00s]
13:58:36.172667 [debug]: Compilation - 14 nodes selected: {"model.enterprise_analytics.dim_customers", "model.enterprise_analytics.dim_date", "model.enterprise_analytics.dim_employees", "model.enterprise_analytics.dim_products", "model.enterprise_analytics.fct_revenue_daily", "model.enterprise_analytics.fct_sales", "model.enterprise_analytics.stg_customers", "model.enterprise_analytics.stg_employees", "model.enterprise_analytics.stg_orders", "model.enterprise_analytics.stg_products", "seed.enterprise_analytics.raw_customers", "seed.enterprise_analytics.raw_employees", "seed.enterprise_analytics.raw_orders", "seed.enterprise_analytics.raw_products"}
13:58:36.216958 [info ]: Started building task graph
13:58:36.217126 [info ]: Finished building task graph [  0.00s]
13:58:36.217475 [info ]: Finished loading project [  0.08s]
13:58:36.230160 [info ]: Started rendering (14 nodes)
13:58:36.230310 [info ]: Started seed STAGE.raw_products
13:58:36.230410 [debug]: Started rendering seed STAGE.raw_products
13:58:36.230529 [info ]: Started seed STAGE.raw_orders
13:58:36.230557 [debug]: Started rendering seed STAGE.raw_orders
13:58:36.230588 [info ]: Started seed STAGE.raw_employees
13:58:36.230612 [debug]: Started rendering seed STAGE.raw_employees
13:58:36.230636 [info ]: Started seed STAGE.raw_customers
13:58:36.230668 [debug]: Started rendering seed STAGE.raw_customers
13:58:36.230717 [info ]: Started model STAGE_stage.fct_revenue_daily
13:58:36.230748 [debug]: Started rendering model STAGE_stage.fct_revenue_daily
13:58:36.230781 [info ]: Started model STAGE_stage.fct_sales
13:58:36.230796 [debug]: Started rendering model STAGE_stage.fct_sales
13:58:36.230820 [info ]: Started model STAGE_stage.stg_orders
13:58:36.230846 [debug]: Started rendering model STAGE_stage.stg_orders
13:58:36.230872 [info ]: Started model STAGE_dimensions.dim_products
13:58:36.230891 [debug]: Started rendering model STAGE_dimensions.dim_products
13:58:36.230916 [info ]: Started model STAGE_stage.stg_products
13:58:36.230944 [debug]: Started rendering model STAGE_stage.stg_products
13:58:36.230970 [info ]: Started model STAGE_dimensions.dim_employees
13:58:36.231001 [debug]: Started rendering model STAGE_dimensions.dim_employees
13:58:36.231027 [info ]: Started model STAGE_stage.stg_employees
13:58:36.231042 [debug]: Started rendering model STAGE_stage.stg_employees
13:58:36.231068 [info ]: Started model STAGE_dimensions.dim_date
13:58:36.231083 [debug]: Started rendering model STAGE_dimensions.dim_date
13:58:36.231106 [info ]: Started model STAGE_dimensions.dim_customers
13:58:36.231120 [debug]: Started rendering model STAGE_dimensions.dim_customers
13:58:36.231164 [info ]: Started model STAGE_stage.stg_customers
13:58:36.231198 [debug]: Started rendering model STAGE_stage.stg_customers
13:58:36.231540 [debug]: Finished rendering [  0.00s] seed STAGE.raw_products [success]
13:58:36.232153 [info ]:  Succeeded [  0.00s] seed  STAGE.raw_products (table)
13:58:36.232312 [debug]: Finished rendering [  0.00s] seed STAGE.raw_orders [success]
13:58:36.232390 [info ]:  Succeeded [  0.00s] seed  STAGE.raw_orders (table)
13:58:36.232487 [debug]: Finished rendering [  0.00s] seed STAGE.raw_employees [success]
13:58:36.232559 [info ]:  Succeeded [  0.00s] seed  STAGE.raw_employees (table)
13:58:36.232650 [debug]: Finished rendering [  0.00s] seed STAGE.raw_customers [success]
13:58:36.232745 [info ]:  Succeeded [  0.00s] seed  STAGE.raw_customers (table)
13:58:36.236587 [debug]: Compiled SQL for node model.enterprise_analytics.stg_products at target\.lsp\compiled\enterprise_analytics\models\staging\stg_products.sql
13:58:36.239625 [debug]: Finished rendering [  0.01s] model STAGE_stage.stg_products [success]
13:58:36.239746 [info ]: Started analyzing (10 nodes)
13:58:36.239777 [debug]: Started analyzing model STAGE_stage.stg_products
13:58:36.239968 [debug]: Compiled SQL for node model.enterprise_analytics.dim_products at target\.lsp\compiled\enterprise_analytics\models\dimensions\dim_products.sql
13:58:36.240007 [debug]: Compiled SQL for node model.enterprise_analytics.stg_employees at target\.lsp\compiled\enterprise_analytics\models\staging\stg_employees.sql
13:58:36.242588 [debug]: Compiled SQL for node model.enterprise_analytics.dim_employees at target\.lsp\compiled\enterprise_analytics\models\dimensions\dim_employees.sql
13:58:36.243889 [debug]: Finished rendering [  0.01s] model STAGE_dimensions.dim_products [success]
13:58:36.243955 [debug]: Started analyzing model STAGE_dimensions.dim_products
13:58:36.246201 [debug]: Compiled SQL for node model.enterprise_analytics.stg_customers at target\.lsp\compiled\enterprise_analytics\models\staging\stg_customers.sql
13:58:36.246870 [debug]: Compiled SQL for node model.enterprise_analytics.dim_customers at target\.lsp\compiled\enterprise_analytics\models\dimensions\dim_customers.sql
13:58:36.248222 [debug]: Finished rendering [  0.02s] model STAGE_stage.stg_employees [success]
13:58:36.248374 [debug]: Started analyzing model STAGE_stage.stg_employees
13:58:36.248680 [debug]: Finished rendering [  0.02s] model STAGE_dimensions.dim_employees [success]
13:58:36.248721 [debug]: Started analyzing model STAGE_dimensions.dim_employees
13:58:36.248860 [debug]: Finished rendering [  0.02s] model STAGE_stage.stg_customers [success]
13:58:36.248907 [debug]: Started analyzing model STAGE_stage.stg_customers
13:58:36.248944 [debug]: Finished rendering [  0.02s] model STAGE_dimensions.dim_customers [success]
13:58:36.248991 [debug]: Started analyzing model STAGE_dimensions.dim_customers
13:58:36.253691 [debug]: Compiled SQL for node model.enterprise_analytics.stg_orders at target\.lsp\compiled\enterprise_analytics\models\staging\stg_orders.sql
13:58:36.254289 [debug]: Finished rendering [  0.02s] model STAGE_stage.stg_orders [success]
13:58:36.254351 [debug]: Started analyzing model STAGE_stage.stg_orders
13:58:36.257177 [debug]: Compiled SQL for node model.enterprise_analytics.fct_sales at target\.lsp\compiled\enterprise_analytics\models\facts\fct_sales.sql
13:58:36.257864 [debug]: Finished analyzing [  0.01s] model STAGE_stage.stg_employees [success]
13:58:36.257917 [info ]:  Succeeded [  0.03s] model STAGE_stage.stg_employees (view)
13:58:36.258508 [debug]: Compiled SQL for node model.enterprise_analytics.fct_revenue_daily at target\.lsp\compiled\enterprise_analytics\models\facts\fct_revenue_daily.sql
13:58:36.260255 [debug]: Finished rendering [  0.03s] model STAGE_stage.fct_revenue_daily [success]
13:58:36.260321 [debug]: Started analyzing model STAGE_stage.fct_revenue_daily
13:58:36.264334 [debug]: Finished analyzing [  0.02s] model STAGE_dimensions.dim_customers [success]
13:58:36.264404 [info ]:  Succeeded [  0.03s] model STAGE_dimensions.dim_customers (table)
13:58:36.267314 [debug]: Finished analyzing [  0.02s] model STAGE_dimensions.dim_employees [success]
13:58:36.267362 [info ]:  Succeeded [  0.04s] model STAGE_dimensions.dim_employees (table)
13:58:36.268526 [debug]: Finished rendering [  0.04s] model STAGE_stage.fct_sales [success]
13:58:36.268576 [debug]: Started analyzing model STAGE_stage.fct_sales
13:58:36.272074 [debug]: Finished analyzing [  0.03s] model STAGE_dimensions.dim_products [success]
13:58:36.272123 [info ]:  Succeeded [  0.04s] model STAGE_dimensions.dim_products (table)
13:58:36.273010 [debug]: Finished analyzing [  0.03s] model STAGE_stage.stg_products [success]
13:58:36.273048 [info ]:  Succeeded [  0.04s] model STAGE_stage.stg_products (view)
13:58:36.275798 [debug]: Finished analyzing [  0.03s] model STAGE_stage.stg_customers [success]
13:58:36.275828 [debug]: Compiled SQL for node model.enterprise_analytics.dim_date at target\.lsp\compiled\enterprise_analytics\models\dimensions\dim_date.sql
13:58:36.275877 [info ]:  Succeeded [  0.04s] model STAGE_stage.stg_customers (view)
13:58:36.275927 [debug]: Finished analyzing [  0.02s] model STAGE_stage.stg_orders [success]
13:58:36.275939 [info ]:  Succeeded [  0.04s] model STAGE_stage.stg_orders (view)
13:58:36.276266 [debug]: Finished rendering [  0.05s] model STAGE_dimensions.dim_date [success]
13:58:36.276287 [info ]: Finished rendering [  0.05s] (14 nodes, 0 skipped, 0 errors)
13:58:36.276330 [debug]: Started analyzing model STAGE_dimensions.dim_date
13:58:36.279059 [debug]: Finished analyzing [  0.00s] model STAGE_dimensions.dim_date [success]
13:58:36.279113 [info ]:  Succeeded [  0.05s] model STAGE_dimensions.dim_date (table)
13:58:36.283803 [debug]: Finished analyzing [  0.02s] model STAGE_stage.fct_revenue_daily [success]
13:58:36.283863 [info ]:  Succeeded [  0.05s] model STAGE_stage.fct_revenue_daily (table)
13:58:36.296537 [debug]: Finished analyzing [  0.03s] model STAGE_stage.fct_sales [success]
13:58:36.297227 [info ]: Finished analyzing [  0.06s] (10 nodes, 0 skipped, 0 errors)
13:58:36.297289 [info ]:  Succeeded [  0.06s] model STAGE_stage.fct_sales (table)
13:58:36.309386 [info ]: Started scheduling
13:58:36.309565 [info ]: Finished scheduling [  0.00s]
13:58:36.311278 [info ]: Cached model count updated: 10 models (accurate)
14:03:34.975274 [info ]: Started loading project
14:03:34.976414 [info ]: Loading profiles.yml
14:03:34.982643 [info ]: Started loading project
14:03:34.983256 [info ]: Loading profiles.yml
14:03:34.983332 [info ]: Finished loading project [  0.01s]
14:03:34.987261 [info ]: Loading packages.yml
14:03:34.987370 [debug]:    Started loading packages
14:03:34.997876 [debug]:     Loaded [  0.01s] packages
14:03:34.998842 [info ]: Started parsing
14:03:35.031796 [info ]: Finished loading project [  0.05s]
14:03:35.035785 [debug]: Finished parsing models\dimensions\dim_customers.yml [  0.00s]
14:03:35.036235 [debug]: Finished parsing models\facts\fct_revenue_daily.yml [  0.00s]
14:03:35.036676 [debug]: Finished parsing models\facts\fct_sales.yml [  0.00s]
14:03:35.036856 [debug]: Finished parsing models\staging\_sources.yml [  0.00s]
14:03:35.037193 [debug]: Finished parsing models\staging\stg_customers.yml [  0.00s]
14:03:35.037430 [debug]: Finished parsing models\staging\stg_employees.yml [  0.00s]
14:03:35.037685 [debug]: Finished parsing models\staging\stg_orders.yml [  0.00s]
14:03:35.037911 [debug]: Finished parsing models\staging\stg_products.yml [  0.00s]
14:03:35.043558 [debug]: Finished parsing models\dimensions\dim_customers.sql [  0.00s]
14:03:35.044089 [debug]: Finished parsing models\dimensions\dim_date.sql [  0.00s]
14:03:35.044871 [debug]: Finished parsing models\dimensions\dim_employees.sql [  0.00s]
14:03:35.045872 [debug]: Finished parsing models\dimensions\dim_products.sql [  0.00s]
14:03:35.046647 [debug]: Finished parsing models\facts\fct_revenue_daily.sql [  0.00s]
14:03:35.047574 [debug]: Finished parsing models\facts\fct_sales.sql [  0.00s]
14:03:35.048251 [debug]: Finished parsing models\staging\stg_customers.sql [  0.00s]
14:03:35.048906 [debug]: Finished parsing models\staging\stg_employees.sql [  0.00s]
14:03:35.049530 [debug]: Finished parsing models\staging\stg_orders.sql [  0.00s]
14:03:35.050113 [debug]: Finished parsing models\staging\stg_products.sql [  0.00s]
14:03:35.059878 [info ]: Finished parsing [  0.06s]
14:03:35.060705 [info ]: Cached model count updated: 10 models (estimate)
14:03:35.060721 [info ]: Cached model count updated: 10 models (accurate)
14:03:35.060767 [info ]: Started scheduling
14:03:35.060823 [info ]: Finished scheduling [  0.00s]
14:03:35.060833 [debug]: Compilation - 0 nodes selected: {}
14:03:35.060853 [warn ]: [NoNodesForSelectionCriteria (dbt1092)]: The selection criterion '' does not match any enabled nodes
14:03:35.060865 [warn ]: [NoNodesSelected (dbt1601)]: Nothing to do. Try checking your model configs and model specification args
14:03:35.060872 [info ]: Started scheduling
14:03:35.061008 [info ]: Finished scheduling [  0.00s]
14:03:35.061076 [debug]: Initializing schema store with entry: Frontier(CanonicalFqn { catalog: "SALES", schema: "STAGE", table: "RAW_EMPLOYEES" }) and interval: None
14:03:35.061170 [debug]: Initializing schema store with entry: Frontier(CanonicalFqn { catalog: "SALES", schema: "STAGE", table: "RAW_CUSTOMERS" }) and interval: None
14:03:35.061205 [debug]: Initializing schema store with entry: Frontier(CanonicalFqn { catalog: "SALES", schema: "STAGE", table: "RAW_ORDERS" }) and interval: None
14:03:35.061219 [debug]: Initializing schema store with entry: Frontier(CanonicalFqn { catalog: "SALES", schema: "STAGE", table: "RAW_PRODUCTS" }) and interval: None
14:03:35.100743 [info ]: Started building task graph
14:03:35.100789 [info ]: Finished building task graph [  0.00s]
14:03:35.104873 [info ]: Started scheduling
14:03:35.104937 [info ]: Finished scheduling [  0.00s]
14:03:35.125062 [info ]: Cached model count updated: 10 models (accurate)
14:03:36.862840 [info ]: Started loading project
14:03:36.863855 [info ]: Loading profiles.yml
14:03:36.895487 [info ]: Cached model count updated: 10 models (estimate)
14:03:36.895513 [info ]: Cached model count updated: 10 models (accurate)
14:03:36.895556 [info ]: Started scheduling
14:03:36.895684 [info ]: Finished scheduling [  0.00s]
14:03:36.895750 [debug]: Compilation - 14 nodes selected: {"model.enterprise_analytics.dim_customers", "model.enterprise_analytics.dim_date", "model.enterprise_analytics.dim_employees", "model.enterprise_analytics.dim_products", "model.enterprise_analytics.fct_revenue_daily", "model.enterprise_analytics.fct_sales", "model.enterprise_analytics.stg_customers", "model.enterprise_analytics.stg_employees", "model.enterprise_analytics.stg_orders", "model.enterprise_analytics.stg_products", "seed.enterprise_analytics.raw_customers", "seed.enterprise_analytics.raw_employees", "seed.enterprise_analytics.raw_orders", "seed.enterprise_analytics.raw_products"}
14:03:36.932713 [info ]: Started building task graph
14:03:36.932853 [info ]: Finished building task graph [  0.00s]
14:03:36.933111 [info ]: Finished loading project [  0.07s]
14:03:36.937792 [info ]: Started rendering (14 nodes)
14:03:36.937871 [info ]: Started seed STAGE.raw_products
14:03:36.937886 [debug]: Started rendering seed STAGE.raw_products
14:03:36.937917 [info ]: Started seed STAGE.raw_orders
14:03:36.937924 [debug]: Started rendering seed STAGE.raw_orders
14:03:36.937935 [info ]: Started seed STAGE.raw_employees
14:03:36.937943 [debug]: Started rendering seed STAGE.raw_employees
14:03:36.937952 [info ]: Started seed STAGE.raw_customers
14:03:36.937957 [debug]: Started rendering seed STAGE.raw_customers
14:03:36.937975 [info ]: Started model STAGE_stage.fct_revenue_daily
14:03:36.937982 [debug]: Started rendering model STAGE_stage.fct_revenue_daily
14:03:36.937995 [info ]: Started model STAGE_stage.fct_sales
14:03:36.938005 [debug]: Started rendering model STAGE_stage.fct_sales
14:03:36.938014 [info ]: Started model STAGE_stage.stg_orders
14:03:36.938021 [debug]: Started rendering model STAGE_stage.stg_orders
14:03:36.938032 [info ]: Started model STAGE_dimensions.dim_products
14:03:36.938040 [debug]: Started rendering model STAGE_dimensions.dim_products
14:03:36.938085 [info ]: Started model STAGE_stage.stg_products
14:03:36.938097 [debug]: Started rendering model STAGE_stage.stg_products
14:03:36.938113 [info ]: Started model STAGE_dimensions.dim_employees
14:03:36.938120 [debug]: Started rendering model STAGE_dimensions.dim_employees
14:03:36.938130 [info ]: Started model STAGE_stage.stg_employees
14:03:36.938136 [debug]: Started rendering model STAGE_stage.stg_employees
14:03:36.938174 [info ]: Started model STAGE_dimensions.dim_date
14:03:36.938185 [debug]: Started rendering model STAGE_dimensions.dim_date
14:03:36.938232 [info ]: Started model STAGE_dimensions.dim_customers
14:03:36.938254 [debug]: Started rendering model STAGE_dimensions.dim_customers
14:03:36.938287 [info ]: Started model STAGE_stage.stg_customers
14:03:36.938305 [debug]: Started rendering model STAGE_stage.stg_customers
14:03:36.938366 [debug]: Finished rendering [  0.00s] seed STAGE.raw_products [success]
14:03:36.938422 [info ]:  Succeeded [-------] seed  STAGE.raw_products (table)
14:03:36.938461 [debug]: Finished rendering [  0.00s] seed STAGE.raw_employees [success]
14:03:36.938477 [info ]:  Succeeded [-------] seed  STAGE.raw_employees (table)
14:03:36.938494 [debug]: Finished rendering [  0.00s] seed STAGE.raw_orders [success]
14:03:36.938501 [info ]:  Succeeded [-------] seed  STAGE.raw_orders (table)
14:03:36.938515 [debug]: Finished rendering [  0.00s] seed STAGE.raw_customers [success]
14:03:36.938522 [info ]:  Succeeded [-------] seed  STAGE.raw_customers (table)
14:03:36.942337 [debug]: Compiled SQL for node model.enterprise_analytics.dim_date at target\.lsp\compiled\enterprise_analytics\models\dimensions\dim_date.sql
14:03:36.942515 [debug]: Finished rendering [  0.00s] model STAGE_dimensions.dim_date [success]
14:03:36.942564 [debug]: Compiled SQL for node model.enterprise_analytics.fct_revenue_daily at target\.lsp\compiled\enterprise_analytics\models\facts\fct_revenue_daily.sql
14:03:36.942581 [info ]: Started analyzing (10 nodes)
14:03:36.942606 [debug]: Started analyzing model STAGE_dimensions.dim_date
14:03:36.942601 [debug]: Compiled SQL for node model.enterprise_analytics.stg_products at target\.lsp\compiled\enterprise_analytics\models\staging\stg_products.sql
14:03:36.942772 [debug]: Finished rendering [  0.00s] model STAGE_stage.stg_products [success]
14:03:36.942808 [debug]: Started analyzing model STAGE_stage.stg_products
14:03:36.942851 [debug]: Finished rendering [  0.00s] model STAGE_stage.fct_revenue_daily [success]
14:03:36.942872 [debug]: Started analyzing model STAGE_stage.fct_revenue_daily
14:03:36.943407 [debug]: Finished analyzing [  0.00s] model STAGE_stage.stg_products [success]
14:03:36.943450 [info ]:  Succeeded [  0.00s] model STAGE_stage.stg_products (view)
14:03:36.943786 [debug]: Finished analyzing [  0.00s] model STAGE_dimensions.dim_date [success]
14:03:36.943823 [info ]:  Succeeded [  0.01s] model STAGE_dimensions.dim_date (table)
14:03:36.944023 [debug]: Finished analyzing [  0.00s] model STAGE_stage.fct_revenue_daily [success]
14:03:36.944055 [info ]:  Succeeded [  0.01s] model STAGE_stage.fct_revenue_daily (table)
14:03:36.944134 [debug]: Compiled SQL for node model.enterprise_analytics.stg_customers at target\.lsp\compiled\enterprise_analytics\models\staging\stg_customers.sql
14:03:36.944306 [debug]: Finished rendering [  0.01s] model STAGE_stage.stg_customers [success]
14:03:36.944340 [debug]: Started analyzing model STAGE_stage.stg_customers
14:03:36.944659 [debug]: Compiled SQL for node model.enterprise_analytics.dim_products at target\.lsp\compiled\enterprise_analytics\models\dimensions\dim_products.sql
14:03:36.944809 [debug]: Finished rendering [  0.01s] model STAGE_dimensions.dim_products [success]
14:03:36.944851 [debug]: Started analyzing model STAGE_dimensions.dim_products
14:03:36.945186 [debug]: Finished analyzing [  0.00s] model STAGE_stage.stg_customers [success]
14:03:36.945219 [info ]:  Succeeded [  0.01s] model STAGE_stage.stg_customers (view)
14:03:36.945505 [debug]: Compiled SQL for node model.enterprise_analytics.stg_orders at target\.lsp\compiled\enterprise_analytics\models\staging\stg_orders.sql
14:03:36.945646 [debug]: Finished analyzing [  0.00s] model STAGE_dimensions.dim_products [success]
14:03:36.945667 [info ]:  Succeeded [  0.01s] model STAGE_dimensions.dim_products (table)
14:03:36.945701 [debug]: Finished rendering [  0.01s] model STAGE_stage.stg_orders [success]
14:03:36.945722 [debug]: Started analyzing model STAGE_stage.stg_orders
14:03:36.946138 [debug]: Compiled SQL for node model.enterprise_analytics.dim_employees at target\.lsp\compiled\enterprise_analytics\models\dimensions\dim_employees.sql
14:03:36.946404 [debug]: Finished rendering [  0.01s] model STAGE_dimensions.dim_employees [success]
14:03:36.946460 [debug]: Started analyzing model STAGE_dimensions.dim_employees
14:03:36.947530 [debug]: Finished analyzing [  0.00s] model STAGE_stage.stg_orders [success]
14:03:36.947579 [info ]:  Succeeded [  0.01s] model STAGE_stage.stg_orders (view)
14:03:36.948516 [debug]: Finished analyzing [  0.00s] model STAGE_dimensions.dim_employees [success]
14:03:36.948591 [info ]:  Succeeded [  0.01s] model STAGE_dimensions.dim_employees (table)
14:03:36.948881 [debug]: Compiled SQL for node model.enterprise_analytics.stg_employees at target\.lsp\compiled\enterprise_analytics\models\staging\stg_employees.sql
14:03:36.949136 [debug]: Finished rendering [  0.01s] model STAGE_stage.stg_employees [success]
14:03:36.949240 [debug]: Started analyzing model STAGE_stage.stg_employees
14:03:36.950027 [debug]: Finished analyzing [  0.00s] model STAGE_stage.stg_employees [success]
14:03:36.950083 [info ]:  Succeeded [  0.01s] model STAGE_stage.stg_employees (view)
14:03:36.951423 [debug]: Compiled SQL for node model.enterprise_analytics.fct_sales at target\.lsp\compiled\enterprise_analytics\models\facts\fct_sales.sql
14:03:36.951831 [debug]: Finished rendering [  0.01s] model STAGE_stage.fct_sales [success]
14:03:36.951904 [debug]: Started analyzing model STAGE_stage.fct_sales
14:03:36.952525 [debug]: Compiled SQL for node model.enterprise_analytics.dim_customers at target\.lsp\compiled\enterprise_analytics\models\dimensions\dim_customers.sql
14:03:36.952825 [debug]: Finished rendering [  0.01s] model STAGE_dimensions.dim_customers [success]
14:03:36.952872 [info ]: Finished rendering [  0.02s] (14 nodes, 0 skipped, 0 errors)
14:03:36.952917 [debug]: Started analyzing model STAGE_dimensions.dim_customers
14:03:36.953781 [debug]: Finished analyzing [  0.00s] model STAGE_dimensions.dim_customers [success]
14:03:36.953838 [info ]:  Succeeded [  0.01s] model STAGE_dimensions.dim_customers (table)
14:03:36.956245 [debug]: Finished analyzing [  0.00s] model STAGE_stage.fct_sales [success]
14:03:36.956294 [info ]: Finished analyzing [  0.01s] (10 nodes, 0 skipped, 0 errors)
14:03:36.956308 [info ]:  Succeeded [  0.02s] model STAGE_stage.fct_sales (table)
14:03:36.960454 [info ]: Started scheduling
14:03:36.960523 [info ]: Finished scheduling [  0.00s]
14:03:36.961182 [info ]: Cached model count updated: 10 models (accurate)
14:03:39.094774 [info ]: Started loading project
14:03:39.096142 [info ]: Loading profiles.yml
14:03:39.109754 [info ]: Started loading project
14:03:39.111253 [info ]: Loading profiles.yml
14:03:39.111303 [info ]: Finished loading project [  0.02s]
14:03:39.116293 [info ]: Loading packages.yml
14:03:39.116390 [debug]:    Started loading packages
14:03:39.126839 [debug]:     Loaded [  0.01s] packages
14:03:39.127979 [info ]: Started parsing
14:03:39.166809 [info ]: Finished loading project [  0.06s]
14:03:39.170635 [debug]: Finished parsing models\dimensions\dim_customers.yml [  0.00s]
14:03:39.170999 [debug]: Finished parsing models\facts\fct_revenue_daily.yml [  0.00s]
14:03:39.171182 [debug]: Finished parsing models\staging\_sources.yml [  0.00s]
14:03:39.171403 [debug]: Finished parsing models\staging\stg_customers.yml [  0.00s]
14:03:39.171578 [debug]: Finished parsing models\staging\stg_employees.yml [  0.00s]
14:03:39.171863 [debug]: Finished parsing models\staging\stg_orders.yml [  0.00s]
14:03:39.172071 [debug]: Finished parsing models\staging\stg_products.yml [  0.00s]
14:03:39.177910 [debug]: Finished parsing models\dimensions\dim_customers.sql [  0.00s]
14:03:39.178414 [debug]: Finished parsing models\dimensions\dim_date.sql [  0.00s]
14:03:39.179010 [debug]: Finished parsing models\dimensions\dim_employees.sql [  0.00s]
14:03:39.180013 [debug]: Finished parsing models\dimensions\dim_products.sql [  0.00s]
14:03:39.180585 [debug]: Finished parsing models\facts\fct_revenue_daily.sql [  0.00s]
14:03:39.181550 [debug]: Finished parsing models\facts\fct_sales.sql [  0.00s]
14:03:39.182043 [debug]: Finished parsing models\staging\stg_customers.sql [  0.00s]
14:03:39.182599 [debug]: Finished parsing models\staging\stg_employees.sql [  0.00s]
14:03:39.183093 [debug]: Finished parsing models\staging\stg_orders.sql [  0.00s]
14:03:39.183590 [debug]: Finished parsing models\staging\stg_products.sql [  0.00s]
14:03:39.192859 [info ]: Finished parsing [  0.06s]
14:03:39.194161 [info ]: Cached model count updated: 10 models (estimate)
14:03:39.194177 [info ]: Cached model count updated: 10 models (accurate)
14:03:39.194219 [info ]: Started scheduling
14:03:39.194256 [info ]: Finished scheduling [  0.00s]
14:03:39.194269 [debug]: Compilation - 0 nodes selected: {}
14:03:39.194284 [warn ]: [NoNodesForSelectionCriteria (dbt1092)]: The selection criterion '' does not match any enabled nodes
14:03:39.194293 [warn ]: [NoNodesSelected (dbt1601)]: Nothing to do. Try checking your model configs and model specification args
14:03:39.194300 [info ]: Started scheduling
14:03:39.194386 [info ]: Finished scheduling [  0.00s]
14:03:39.194438 [debug]: Initializing schema store with entry: Frontier(CanonicalFqn { catalog: "SALES", schema: "STAGE", table: "RAW_CUSTOMERS" }) and interval: None
14:03:39.194479 [debug]: Initializing schema store with entry: Frontier(CanonicalFqn { catalog: "SALES", schema: "STAGE", table: "RAW_EMPLOYEES" }) and interval: None
14:03:39.194499 [debug]: Initializing schema store with entry: Frontier(CanonicalFqn { catalog: "SALES", schema: "STAGE", table: "RAW_PRODUCTS" }) and interval: None
14:03:39.194514 [debug]: Initializing schema store with entry: Frontier(CanonicalFqn { catalog: "SALES", schema: "STAGE", table: "RAW_ORDERS" }) and interval: None
14:03:39.240536 [info ]: Started building task graph
14:03:39.240575 [info ]: Finished building task graph [  0.00s]
14:03:39.244984 [info ]: Started scheduling
14:03:39.245047 [info ]: Finished scheduling [  0.00s]
14:03:39.247215 [info ]: Cached model count updated: 10 models (accurate)
14:03:40.876590 [info ]: Started loading project
14:03:40.877363 [info ]: Loading profiles.yml
14:03:40.904271 [info ]: Cached model count updated: 10 models (estimate)
14:03:40.904298 [info ]: Cached model count updated: 10 models (accurate)
14:03:40.904342 [info ]: Started scheduling
14:03:40.904476 [info ]: Finished scheduling [  0.00s]
14:03:40.904495 [debug]: Compilation - 14 nodes selected: {"model.enterprise_analytics.dim_customers", "model.enterprise_analytics.dim_date", "model.enterprise_analytics.dim_employees", "model.enterprise_analytics.dim_products", "model.enterprise_analytics.fct_revenue_daily", "model.enterprise_analytics.fct_sales", "model.enterprise_analytics.stg_customers", "model.enterprise_analytics.stg_employees", "model.enterprise_analytics.stg_orders", "model.enterprise_analytics.stg_products", "seed.enterprise_analytics.raw_customers", "seed.enterprise_analytics.raw_employees", "seed.enterprise_analytics.raw_orders", "seed.enterprise_analytics.raw_products"}
14:03:40.939155 [info ]: Started building task graph
14:03:40.939263 [info ]: Finished building task graph [  0.00s]
14:03:40.939508 [info ]: Finished loading project [  0.06s]
14:03:40.944406 [info ]: Started rendering (14 nodes)
14:03:40.944443 [info ]: Started seed STAGE.raw_products
14:03:40.944458 [debug]: Started rendering seed STAGE.raw_products
14:03:40.944481 [info ]: Started seed STAGE.raw_orders
14:03:40.944489 [debug]: Started rendering seed STAGE.raw_orders
14:03:40.944499 [info ]: Started seed STAGE.raw_employees
14:03:40.944509 [debug]: Started rendering seed STAGE.raw_employees
14:03:40.944518 [info ]: Started seed STAGE.raw_customers
14:03:40.944524 [debug]: Started rendering seed STAGE.raw_customers
14:03:40.944538 [info ]: Started model STAGE_stage.fct_revenue_daily
14:03:40.944545 [debug]: Started rendering model STAGE_stage.fct_revenue_daily
14:03:40.944557 [info ]: Started model STAGE_stage.fct_sales
14:03:40.944563 [debug]: Started rendering model STAGE_stage.fct_sales
14:03:40.944573 [info ]: Started model STAGE_stage.stg_orders
14:03:40.944580 [debug]: Started rendering model STAGE_stage.stg_orders
14:03:40.944592 [info ]: Started model STAGE_dimensions.dim_products
14:03:40.944599 [debug]: Started rendering model STAGE_dimensions.dim_products
14:03:40.944611 [info ]: Started model STAGE_stage.stg_products
14:03:40.944617 [debug]: Started rendering model STAGE_stage.stg_products
14:03:40.944628 [info ]: Started model STAGE_dimensions.dim_employees
14:03:40.944633 [debug]: Started rendering model STAGE_dimensions.dim_employees
14:03:40.944645 [info ]: Started model STAGE_stage.stg_employees
14:03:40.944652 [debug]: Started rendering model STAGE_stage.stg_employees
14:03:40.944662 [info ]: Started model STAGE_dimensions.dim_date
14:03:40.944668 [debug]: Started rendering model STAGE_dimensions.dim_date
14:03:40.944678 [info ]: Started model STAGE_dimensions.dim_customers
14:03:40.944687 [debug]: Started rendering model STAGE_dimensions.dim_customers
14:03:40.944696 [info ]: Started model STAGE_stage.stg_customers
14:03:40.945680 [debug]: Started rendering model STAGE_stage.stg_customers
14:03:40.945767 [debug]: Finished rendering [  0.00s] seed STAGE.raw_products [success]
14:03:40.945791 [info ]:  Succeeded [  0.00s] seed  STAGE.raw_products (table)
14:03:40.945844 [debug]: Finished rendering [  0.00s] seed STAGE.raw_orders [success]
14:03:40.945853 [info ]:  Succeeded [  0.00s] seed  STAGE.raw_orders (table)
14:03:40.945907 [debug]: Finished rendering [  0.00s] seed STAGE.raw_employees [success]
14:03:40.945917 [info ]:  Succeeded [  0.00s] seed  STAGE.raw_employees (table)
14:03:40.945935 [debug]: Finished rendering [  0.00s] seed STAGE.raw_customers [success]
14:03:40.945942 [info ]:  Succeeded [  0.00s] seed  STAGE.raw_customers (table)
14:03:40.947668 [debug]: Compiled SQL for node model.enterprise_analytics.stg_orders at target\.lsp\compiled\enterprise_analytics\models\staging\stg_orders.sql
14:03:40.947947 [debug]: Finished rendering [  0.00s] model STAGE_stage.stg_orders [success]
14:03:40.948011 [info ]: Started analyzing (10 nodes)
14:03:40.948028 [debug]: Started analyzing model STAGE_stage.stg_orders
14:03:40.948359 [debug]: Compiled SQL for node model.enterprise_analytics.fct_revenue_daily at target\.lsp\compiled\enterprise_analytics\models\facts\fct_revenue_daily.sql
14:03:40.948557 [debug]: Finished rendering [  0.00s] model STAGE_stage.fct_revenue_daily [success]
14:03:40.948596 [debug]: Started analyzing model STAGE_stage.fct_revenue_daily
14:03:40.949494 [debug]: Finished analyzing [  0.00s] model STAGE_stage.stg_orders [success]
14:03:40.949539 [info ]:  Succeeded [  0.00s] model STAGE_stage.stg_orders (view)
14:03:40.949738 [debug]: Finished analyzing [  0.00s] model STAGE_stage.fct_revenue_daily [success]
14:03:40.949767 [info ]:  Succeeded [  0.01s] model STAGE_stage.fct_revenue_daily (table)
14:03:40.950380 [debug]: Compiled SQL for node model.enterprise_analytics.stg_employees at target\.lsp\compiled\enterprise_analytics\models\staging\stg_employees.sql
14:03:40.950542 [debug]: Finished rendering [  0.01s] model STAGE_stage.stg_employees [success]
14:03:40.950598 [debug]: Started analyzing model STAGE_stage.stg_employees
14:03:40.951414 [debug]: Finished analyzing [  0.00s] model STAGE_stage.stg_employees [success]
14:03:40.951475 [info ]:  Succeeded [  0.01s] model STAGE_stage.stg_employees (view)
14:03:40.951485 [debug]: Compiled SQL for node model.enterprise_analytics.stg_products at target\.lsp\compiled\enterprise_analytics\models\staging\stg_products.sql
14:03:40.951797 [debug]: Finished rendering [  0.01s] model STAGE_stage.stg_products [success]
14:03:40.951865 [debug]: Started analyzing model STAGE_stage.stg_products
14:03:40.952031 [debug]: Compiled SQL for node model.enterprise_analytics.fct_sales at target\.lsp\compiled\enterprise_analytics\models\facts\fct_sales.sql
14:03:40.952127 [debug]: Compiled SQL for node model.enterprise_analytics.dim_products at target\.lsp\compiled\enterprise_analytics\models\dimensions\dim_products.sql
14:03:40.952269 [debug]: Finished rendering [  0.01s] model STAGE_stage.fct_sales [success]
14:03:40.952313 [debug]: Started analyzing model STAGE_stage.fct_sales
14:03:40.952350 [debug]: Finished rendering [  0.01s] model STAGE_dimensions.dim_products [success]
14:03:40.952368 [debug]: Started analyzing model STAGE_dimensions.dim_products
14:03:40.952451 [debug]: Compiled SQL for node model.enterprise_analytics.dim_date at target\.lsp\compiled\enterprise_analytics\models\dimensions\dim_date.sql
14:03:40.952564 [debug]: Finished analyzing [  0.00s] model STAGE_stage.stg_products [success]
14:03:40.952590 [info ]:  Succeeded [  0.01s] model STAGE_stage.stg_products (view)
14:03:40.952617 [debug]: Finished rendering [  0.01s] model STAGE_dimensions.dim_date [success]
14:03:40.952636 [debug]: Started analyzing model STAGE_dimensions.dim_date
14:03:40.952710 [debug]: Compiled SQL for node model.enterprise_analytics.stg_customers at target\.lsp\compiled\enterprise_analytics\models\staging\stg_customers.sql
14:03:40.952915 [debug]: Finished rendering [  0.01s] model STAGE_stage.stg_customers [success]
14:03:40.952956 [debug]: Started analyzing model STAGE_stage.stg_customers
14:03:40.953339 [debug]: Finished analyzing [  0.00s] model STAGE_dimensions.dim_products [success]
14:03:40.953375 [info ]:  Succeeded [  0.01s] model STAGE_dimensions.dim_products (table)
14:03:40.953414 [debug]: Finished analyzing [  0.00s] model STAGE_dimensions.dim_date [success]
14:03:40.953446 [info ]:  Succeeded [  0.01s] model STAGE_dimensions.dim_date (table)
14:03:40.953728 [debug]: Compiled SQL for node model.enterprise_analytics.dim_customers at target\.lsp\compiled\enterprise_analytics\models\dimensions\dim_customers.sql
14:03:40.953736 [debug]: Compiled SQL for node model.enterprise_analytics.dim_employees at target\.lsp\compiled\enterprise_analytics\models\dimensions\dim_employees.sql
14:03:40.953915 [debug]: Finished analyzing [  0.00s] model STAGE_stage.stg_customers [success]
14:03:40.953954 [info ]:  Succeeded [  0.01s] model STAGE_stage.stg_customers (view)
14:03:40.953992 [debug]: Finished rendering [  0.01s] model STAGE_dimensions.dim_employees [success]
14:03:40.954027 [debug]: Started analyzing model STAGE_dimensions.dim_employees
14:03:40.954070 [debug]: Finished rendering [  0.01s] model STAGE_dimensions.dim_customers [success]
14:03:40.954085 [info ]: Finished rendering [  0.01s] (14 nodes, 0 skipped, 0 errors)
14:03:40.954104 [debug]: Started analyzing model STAGE_dimensions.dim_customers
14:03:40.954788 [debug]: Finished analyzing [  0.00s] model STAGE_dimensions.dim_customers [success]
14:03:40.954846 [info ]:  Succeeded [  0.01s] model STAGE_dimensions.dim_customers (table)
14:03:40.955442 [debug]: Finished analyzing [  0.00s] model STAGE_dimensions.dim_employees [success]
14:03:40.955479 [info ]:  Succeeded [  0.01s] model STAGE_dimensions.dim_employees (table)
14:03:40.956943 [debug]: Finished analyzing [  0.00s] model STAGE_stage.fct_sales [success]
14:03:40.956965 [info ]: Finished analyzing [  0.01s] (10 nodes, 0 skipped, 0 errors)
14:03:40.956974 [info ]:  Succeeded [  0.01s] model STAGE_stage.fct_sales (table)
14:03:40.961203 [info ]: Started scheduling
14:03:40.961260 [info ]: Finished scheduling [  0.00s]
14:03:40.962022 [info ]: Cached model count updated: 10 models (accurate)
14:09:59.840696 [info ]: Started loading project
14:09:59.857721 [info ]: Loading profiles.yml
14:09:59.880090 [info ]: Started loading project
14:09:59.881043 [info ]: Loading profiles.yml
14:09:59.881112 [info ]: Finished loading project [  0.04s]
14:09:59.918952 [info ]: Loading packages.yml
14:09:59.919438 [debug]:    Started loading packages
14:09:59.962749 [debug]:     Loaded [  0.04s] packages
14:09:59.964151 [info ]: Started parsing
14:10:00.995185 [info ]: Finished loading project [  1.12s]
14:10:01.019341 [debug]: Finished parsing models\dimensions\dim_customers.yml [  0.02s]
14:10:01.039667 [debug]: Finished parsing models\facts\fct_revenue_daily.yml [  0.02s]
14:10:01.040223 [debug]: Finished parsing models\facts\fct_sales.yml [  0.00s]
14:10:01.055595 [debug]: Finished parsing models\staging\_sources.yml [  0.02s]
14:10:01.073847 [debug]: Finished parsing models\staging\stg_customers.yml [  0.02s]
14:10:01.092367 [debug]: Finished parsing models\staging\stg_employees.yml [  0.02s]
14:10:01.111715 [debug]: Finished parsing models\staging\stg_orders.yml [  0.02s]
14:10:01.130037 [debug]: Finished parsing models\staging\stg_products.yml [  0.02s]
14:10:01.222911 [debug]: Finished parsing models\dimensions\dim_customers.sql [  0.02s]
14:10:01.260098 [debug]: Finished parsing models\dimensions\dim_date.sql [  0.04s]
14:10:01.276000 [debug]: Finished parsing models\dimensions\dim_employees.sql [  0.02s]
14:10:01.297615 [debug]: Finished parsing models\dimensions\dim_products.sql [  0.02s]
14:10:01.327140 [debug]: Finished parsing models\facts\fct_revenue_daily.sql [  0.03s]
14:10:01.349145 [debug]: Finished parsing models\facts\fct_sales.sql [  0.03s]
14:10:01.369540 [debug]: Finished parsing models\staging\stg_customers.sql [  0.02s]
14:10:01.387851 [debug]: Finished parsing models\staging\stg_employees.sql [  0.02s]
14:10:01.404674 [debug]: Finished parsing models\staging\stg_orders.sql [  0.02s]
14:10:01.422016 [debug]: Finished parsing models\staging\stg_products.sql [  0.02s]
14:10:01.436651 [info ]: Finished parsing [  1.47s]
14:10:01.437960 [info ]: Cached model count updated: 10 models (estimate)
14:10:01.437979 [info ]: Cached model count updated: 10 models (accurate)
14:10:01.438025 [info ]: Started scheduling
14:10:01.438082 [info ]: Finished scheduling [  0.00s]
14:10:01.438096 [debug]: Compilation - 0 nodes selected: {}
14:10:01.438114 [warn ]: [NoNodesForSelectionCriteria (dbt1092)]: The selection criterion '' does not match any enabled nodes
14:10:01.438134 [warn ]: [NoNodesSelected (dbt1601)]: Nothing to do. Try checking your model configs and model specification args
14:10:01.438143 [info ]: Started scheduling
14:10:01.438238 [info ]: Finished scheduling [  0.00s]
14:10:01.438306 [debug]: Initializing schema store with entry: Frontier(CanonicalFqn { catalog: "SALES", schema: "STAGE", table: "RAW_EMPLOYEES" }) and interval: None
14:10:01.438352 [debug]: Initializing schema store with entry: Frontier(CanonicalFqn { catalog: "SALES", schema: "STAGE", table: "RAW_PRODUCTS" }) and interval: None
14:10:01.438374 [debug]: Initializing schema store with entry: Frontier(CanonicalFqn { catalog: "SALES", schema: "STAGE", table: "RAW_ORDERS" }) and interval: None
14:10:01.438396 [debug]: Initializing schema store with entry: Frontier(CanonicalFqn { catalog: "SALES", schema: "STAGE", table: "RAW_CUSTOMERS" }) and interval: None
14:10:01.480497 [info ]: Started building task graph
14:10:01.480540 [info ]: Finished building task graph [  0.00s]
14:10:01.489316 [info ]: Started scheduling
14:10:01.489455 [info ]: Finished scheduling [  0.00s]
14:10:01.494511 [info ]: Cached model count updated: 10 models (accurate)
14:10:03.179876 [info ]: Started loading project
14:10:03.181409 [info ]: Loading profiles.yml
14:10:03.218060 [info ]: Cached model count updated: 10 models (estimate)
14:10:03.218092 [info ]: Cached model count updated: 10 models (accurate)
14:10:03.218132 [info ]: Started scheduling
14:10:03.218303 [info ]: Finished scheduling [  0.00s]
14:10:03.218322 [debug]: Compilation - 14 nodes selected: {"model.enterprise_analytics.dim_customers", "model.enterprise_analytics.dim_date", "model.enterprise_analytics.dim_employees", "model.enterprise_analytics.dim_products", "model.enterprise_analytics.fct_revenue_daily", "model.enterprise_analytics.fct_sales", "model.enterprise_analytics.stg_customers", "model.enterprise_analytics.stg_employees", "model.enterprise_analytics.stg_orders", "model.enterprise_analytics.stg_products", "seed.enterprise_analytics.raw_customers", "seed.enterprise_analytics.raw_employees", "seed.enterprise_analytics.raw_orders", "seed.enterprise_analytics.raw_products"}
14:10:03.268354 [info ]: Started building task graph
14:10:03.268470 [info ]: Finished building task graph [  0.00s]
14:10:03.269078 [info ]: Finished loading project [  0.09s]
14:10:03.275963 [info ]: Started rendering (14 nodes)
14:10:03.276017 [info ]: Started seed STAGE.raw_products
14:10:03.276037 [debug]: Started rendering seed STAGE.raw_products
14:10:03.276088 [info ]: Started seed STAGE.raw_orders
14:10:03.276097 [debug]: Started rendering seed STAGE.raw_orders
14:10:03.276113 [info ]: Started seed STAGE.raw_employees
14:10:03.276122 [debug]: Started rendering seed STAGE.raw_employees
14:10:03.276137 [info ]: Started seed STAGE.raw_customers
14:10:03.276149 [debug]: Started rendering seed STAGE.raw_customers
14:10:03.276169 [info ]: Started model STAGE_stage.fct_revenue_daily
14:10:03.276183 [debug]: Started rendering model STAGE_stage.fct_revenue_daily
14:10:03.276202 [info ]: Started model STAGE_stage.fct_sales
14:10:03.276211 [debug]: Started rendering model STAGE_stage.fct_sales
14:10:03.276225 [info ]: Started model STAGE_stage.stg_orders
14:10:03.276236 [debug]: Started rendering model STAGE_stage.stg_orders
14:10:03.276253 [info ]: Started model STAGE_dimensions.dim_products
14:10:03.276263 [debug]: Started rendering model STAGE_dimensions.dim_products
14:10:03.276281 [info ]: Started model STAGE_stage.stg_products
14:10:03.276300 [debug]: Started rendering model STAGE_stage.stg_products
14:10:03.276321 [info ]: Started model STAGE_dimensions.dim_employees
14:10:03.276331 [debug]: Started rendering model STAGE_dimensions.dim_employees
14:10:03.276350 [info ]: Started model STAGE_stage.stg_employees
14:10:03.276361 [debug]: Started rendering model STAGE_stage.stg_employees
14:10:03.276375 [info ]: Started model STAGE_dimensions.dim_date
14:10:03.276384 [debug]: Started rendering model STAGE_dimensions.dim_date
14:10:03.276400 [info ]: Started model STAGE_dimensions.dim_customers
14:10:03.276416 [debug]: Started rendering model STAGE_dimensions.dim_customers
14:10:03.276433 [info ]: Started model STAGE_stage.stg_customers
14:10:03.276443 [debug]: Started rendering model STAGE_stage.stg_customers
14:10:03.276487 [debug]: Finished rendering [  0.00s] seed STAGE.raw_products [success]
14:10:03.276512 [info ]:  Succeeded [-------] seed  STAGE.raw_products (table)
14:10:03.276541 [debug]: Finished rendering [  0.00s] seed STAGE.raw_customers [success]
14:10:03.276552 [info ]:  Succeeded [-------] seed  STAGE.raw_customers (table)
14:10:03.276566 [debug]: Finished rendering [  0.00s] seed STAGE.raw_orders [success]
14:10:03.276574 [info ]:  Succeeded [-------] seed  STAGE.raw_orders (table)
14:10:03.276589 [debug]: Finished rendering [  0.00s] seed STAGE.raw_employees [success]
14:10:03.276597 [info ]:  Succeeded [-------] seed  STAGE.raw_employees (table)
14:10:03.280731 [debug]: Compiled SQL for node model.enterprise_analytics.stg_products at target\.lsp\compiled\enterprise_analytics\models\staging\stg_products.sql
14:10:03.281612 [debug]: Compiled SQL for node model.enterprise_analytics.fct_revenue_daily at target\.lsp\compiled\enterprise_analytics\models\facts\fct_revenue_daily.sql
14:10:03.283998 [debug]: Compiled SQL for node model.enterprise_analytics.stg_employees at target\.lsp\compiled\enterprise_analytics\models\staging\stg_employees.sql
14:10:03.288057 [debug]: Compiled SQL for node model.enterprise_analytics.dim_date at target\.lsp\compiled\enterprise_analytics\models\dimensions\dim_date.sql
14:10:03.281339 [debug]: Finished rendering [  0.01s] model STAGE_stage.stg_products [success]
14:10:03.289577 [info ]: Started analyzing (10 nodes)
14:10:03.289618 [debug]: Started analyzing model STAGE_stage.stg_products
14:10:03.289677 [debug]: Finished rendering [  0.01s] model STAGE_stage.fct_revenue_daily [success]
14:10:03.289710 [debug]: Started analyzing model STAGE_stage.fct_revenue_daily
14:10:03.289742 [debug]: Finished rendering [  0.01s] model STAGE_stage.stg_employees [success]
14:10:03.289759 [debug]: Started analyzing model STAGE_stage.stg_employees
14:10:03.289785 [debug]: Finished rendering [  0.01s] model STAGE_dimensions.dim_date [success]
14:10:03.289802 [debug]: Started analyzing model STAGE_dimensions.dim_date
14:10:03.292091 [debug]: Compiled SQL for node model.enterprise_analytics.stg_customers at target\.lsp\compiled\enterprise_analytics\models\staging\stg_customers.sql
14:10:03.292385 [debug]: Finished rendering [  0.02s] model STAGE_stage.stg_customers [success]
14:10:03.292459 [debug]: Started analyzing model STAGE_stage.stg_customers
14:10:03.293250 [debug]: Finished analyzing [  0.00s] model STAGE_stage.stg_employees [success]
14:10:03.293307 [info ]:  Succeeded [  0.02s] model STAGE_stage.stg_employees (view)
14:10:03.297611 [debug]: Finished analyzing [  0.01s] model STAGE_dimensions.dim_date [success]
14:10:03.297663 [info ]:  Succeeded [  0.02s] model STAGE_dimensions.dim_date (table)
14:10:03.298251 [debug]: Finished analyzing [  0.01s] model STAGE_stage.fct_revenue_daily [success]
14:10:03.298300 [info ]:  Succeeded [  0.02s] model STAGE_stage.fct_revenue_daily (table)
14:10:03.299218 [debug]: Finished analyzing [  0.01s] model STAGE_stage.stg_products [success]
14:10:03.299263 [info ]:  Succeeded [  0.01s] model STAGE_stage.stg_products (view)
14:10:03.299688 [debug]: Compiled SQL for node model.enterprise_analytics.dim_products at target\.lsp\compiled\enterprise_analytics\models\dimensions\dim_products.sql
14:10:03.300364 [debug]: Finished rendering [  0.02s] model STAGE_dimensions.dim_products [success]
14:10:03.300427 [debug]: Started analyzing model STAGE_dimensions.dim_products
14:10:03.302553 [debug]: Finished analyzing [  0.00s] model STAGE_dimensions.dim_products [success]
14:10:03.302621 [info ]:  Succeeded [  0.03s] model STAGE_dimensions.dim_products (table)
14:10:03.304553 [debug]: Finished analyzing [  0.01s] model STAGE_stage.stg_customers [success]
14:10:03.304622 [info ]:  Succeeded [  0.03s] model STAGE_stage.stg_customers (view)
14:10:03.306609 [debug]: Compiled SQL for node model.enterprise_analytics.stg_orders at target\.lsp\compiled\enterprise_analytics\models\staging\stg_orders.sql
14:10:03.307657 [debug]: Finished rendering [  0.03s] model STAGE_stage.stg_orders [success]
14:10:03.307751 [debug]: Started analyzing model STAGE_stage.stg_orders
14:10:03.309727 [debug]: Finished analyzing [  0.00s] model STAGE_stage.stg_orders [success]
14:10:03.309805 [info ]:  Succeeded [  0.03s] model STAGE_stage.stg_orders (view)
14:10:03.310195 [debug]: Compiled SQL for node model.enterprise_analytics.dim_customers at target\.lsp\compiled\enterprise_analytics\models\dimensions\dim_customers.sql
14:10:03.310712 [debug]: Finished rendering [  0.03s] model STAGE_dimensions.dim_customers [success]
14:10:03.310772 [debug]: Started analyzing model STAGE_dimensions.dim_customers
14:10:03.312621 [debug]: Finished analyzing [  0.00s] model STAGE_dimensions.dim_customers [success]
14:10:03.312708 [info ]:  Succeeded [  0.04s] model STAGE_dimensions.dim_customers (table)
14:10:03.313990 [debug]: Compiled SQL for node model.enterprise_analytics.dim_employees at target\.lsp\compiled\enterprise_analytics\models\dimensions\dim_employees.sql
14:10:03.314485 [debug]: Finished rendering [  0.04s] model STAGE_dimensions.dim_employees [success]
14:10:03.314567 [debug]: Started analyzing model STAGE_dimensions.dim_employees
14:10:03.315967 [debug]: Compiled SQL for node model.enterprise_analytics.fct_sales at target\.lsp\compiled\enterprise_analytics\models\facts\fct_sales.sql
14:10:03.317104 [debug]: Finished rendering [  0.04s] model STAGE_stage.fct_sales [success]
14:10:03.317173 [info ]: Finished rendering [  0.04s] (14 nodes, 0 skipped, 0 errors)
14:10:03.317222 [debug]: Started analyzing model STAGE_stage.fct_sales
14:10:03.319613 [debug]: Finished analyzing [  0.01s] model STAGE_dimensions.dim_employees [success]
14:10:03.320287 [info ]:  Succeeded [  0.04s] model STAGE_dimensions.dim_employees (table)
14:10:03.322783 [debug]: Finished analyzing [  0.01s] model STAGE_stage.fct_sales [success]
14:10:03.322843 [info ]: Finished analyzing [  0.03s] (10 nodes, 0 skipped, 0 errors)
14:10:03.322871 [info ]:  Succeeded [  0.04s] model STAGE_stage.fct_sales (table)
14:10:03.334975 [info ]: Started scheduling
14:10:03.335121 [info ]: Finished scheduling [  0.00s]
14:10:03.336941 [info ]: Cached model count updated: 10 models (accurate)
==================== 2026-06-29T07:02:23.916066Z | 00000000-0000-0000-0000-000000000000 ====================
==================== 2026-06-29T07:02:23.918930Z | 4680c256-58e2-4374-a246-f78bf038cee2 ====================
07:02:23.919625 [info ]: Starting dbt LSP server
07:02:23.920625 [info ]: Connecting to LSP client on port 8000
07:02:23.923592 [info ]: Successfully connected to LSP client
07:02:23.923798 [info ]: Creating LSP service...
07:02:24.003002 [info ]: Creating LSP server...
07:02:24.003134 [info ]: Starting LSP server...
07:02:24.160885 [info ]: Loading profiles.yml
07:02:24.263519 [info ]: Waiting for lease on 'target' directory
07:02:24.860502 [info ]: Started loading project
07:02:24.873128 [info ]: Loading profiles.yml
07:02:24.950333 [info ]: Loading packages.yml
07:02:24.954896 [debug]:    Started loading packages
07:02:24.997343 [debug]:     Loaded [  0.04s] packages
07:02:25.010172 [info ]: Started parsing
07:02:26.076115 [info ]: Finished loading project [  1.22s]
07:02:26.111518 [debug]: Finished parsing models\dimensions\dim_customers.yml [  0.01s]
07:02:26.124322 [debug]: Finished parsing models\facts\fct_revenue_daily.yml [  0.01s]
07:02:26.138845 [debug]: Finished parsing models\facts\fct_sales.yml [  0.01s]
07:02:26.150461 [debug]: Finished parsing models\staging\_sources.yml [  0.01s]
07:02:26.159625 [debug]: Finished parsing models\staging\stg_customers.yml [  0.01s]
07:02:26.168765 [debug]: Finished parsing models\staging\stg_employees.yml [  0.01s]
07:02:26.177571 [debug]: Finished parsing models\staging\stg_orders.yml [  0.01s]
07:02:26.187403 [debug]: Finished parsing models\staging\stg_products.yml [  0.01s]
07:02:26.269475 [debug]: Finished parsing models\dimensions\dim_customers.sql [  0.03s]
07:02:26.278949 [debug]: Finished parsing models\dimensions\dim_date.sql [  0.01s]
07:02:26.280130 [debug]: Finished parsing models\dimensions\dim_employees.sql [  0.00s]
07:02:26.289154 [debug]: Finished parsing models\dimensions\dim_products.sql [  0.01s]
07:02:26.289767 [debug]: Finished parsing models\facts\fct_revenue_daily.sql [  0.00s]
07:02:26.322029 [debug]: Finished parsing models\facts\fct_sales.sql [  0.03s]
07:02:26.344345 [debug]: Finished parsing models\staging\stg_customers.sql [  0.02s]
07:02:26.354138 [debug]: Finished parsing models\staging\stg_employees.sql [  0.01s]
07:02:26.362470 [debug]: Finished parsing models\staging\stg_orders.sql [  0.01s]
07:02:26.372554 [debug]: Finished parsing models\staging\stg_products.sql [  0.01s]
07:02:26.389684 [info ]: Finished parsing [  1.38s]
07:02:26.392817 [info ]: Cached model count updated: 10 models (estimate)
07:02:26.392838 [info ]: Cached model count updated: 10 models (accurate)
07:02:26.394603 [info ]: Started scheduling
07:02:26.399586 [info ]: Finished scheduling [  0.00s]
07:02:26.400086 [debug]: Compilation - 10 nodes selected: {"model.enterprise_analytics.dim_customers", "model.enterprise_analytics.dim_date", "model.enterprise_analytics.dim_employees", "model.enterprise_analytics.dim_products", "model.enterprise_analytics.fct_revenue_daily", "model.enterprise_analytics.fct_sales", "model.enterprise_analytics.stg_customers", "model.enterprise_analytics.stg_employees", "model.enterprise_analytics.stg_orders", "model.enterprise_analytics.stg_products"}
07:02:26.400450 [info ]: Started scheduling
07:02:26.400850 [info ]: Finished scheduling [  0.00s]
07:02:26.403206 [debug]: Initializing schema store with entry: Frontier(CanonicalFqn { catalog: "SALES", schema: "STAGE", table: "RAW_ORDERS" }) and interval: None
07:02:26.403482 [debug]: Initializing schema store with entry: Frontier(CanonicalFqn { catalog: "SALES", schema: "STAGE", table: "RAW_CUSTOMERS" }) and interval: None
07:02:26.403500 [debug]: Initializing schema store with entry: Frontier(CanonicalFqn { catalog: "SALES", schema: "STAGE", table: "RAW_PRODUCTS" }) and interval: None
07:02:26.403513 [debug]: Initializing schema store with entry: Frontier(CanonicalFqn { catalog: "SALES", schema: "STAGE", table: "RAW_EMPLOYEES" }) and interval: None
07:02:26.429911 [debug]: License loaded from file C:\Users\HitheshPatel\.dbt\license.17878 is invalid (License expired; try running dbt login or downloading dbt_cloud.yml), skipping
07:02:26.435423 [debug]: Requesting license from https://ih492.us1.dbt.com/api/private/accounts/17878/feature-licenses/ with 1 key IDs: ["fusion-prod-2025-11-20"]
07:02:27.290222 [debug]: License successfully retrieved from remote
07:02:27.290704 [debug]: License loaded from remote server ih492.us1.dbt.com
07:02:27.291581 [debug]: License cached to file for account 17878
07:02:27.350261 [info ]: Started building task graph
07:02:27.355714 [info ]: Finished building task graph [  0.01s]
07:02:27.411874 [info ]: Started rendering (10 nodes)
07:02:27.413630 [info ]: Started model STAGE_stage.fct_revenue_daily
07:02:27.414364 [debug]: Started rendering model STAGE_stage.fct_revenue_daily
07:02:27.414909 [info ]: Started model STAGE_stage.fct_sales
07:02:27.414930 [debug]: Started rendering model STAGE_stage.fct_sales
07:02:27.414952 [info ]: Started model STAGE_stage.stg_orders
07:02:27.414960 [debug]: Started rendering model STAGE_stage.stg_orders
07:02:27.414976 [info ]: Started model STAGE_dimensions.dim_products
07:02:27.414990 [debug]: Started rendering model STAGE_dimensions.dim_products
07:02:27.415006 [info ]: Started model STAGE_stage.stg_products
07:02:27.415014 [debug]: Started rendering model STAGE_stage.stg_products
07:02:27.415029 [info ]: Started model STAGE_dimensions.dim_employees
07:02:27.415035 [debug]: Started rendering model STAGE_dimensions.dim_employees
07:02:27.415051 [info ]: Started model STAGE_stage.stg_employees
07:02:27.415060 [debug]: Started rendering model STAGE_stage.stg_employees
07:02:27.415073 [info ]: Started model STAGE_dimensions.dim_date
07:02:27.415080 [debug]: Started rendering model STAGE_dimensions.dim_date
07:02:27.415098 [info ]: Started model STAGE_dimensions.dim_customers
07:02:27.415106 [debug]: Started rendering model STAGE_dimensions.dim_customers
07:02:27.415553 [info ]: Started model STAGE_stage.stg_customers
07:02:27.415583 [debug]: Started rendering model STAGE_stage.stg_customers
07:02:27.427297 [debug]: Compiled SQL for node model.enterprise_analytics.fct_revenue_daily at target\.lsp\compiled\enterprise_analytics\models\facts\fct_revenue_daily.sql
07:02:27.427215 [debug]: Compiled SQL for node model.enterprise_analytics.dim_date at target\.lsp\compiled\enterprise_analytics\models\dimensions\dim_date.sql
07:02:27.430978 [debug]: Compiled SQL for node model.enterprise_analytics.stg_customers at target\.lsp\compiled\enterprise_analytics\models\staging\stg_customers.sql
07:02:27.431762 [debug]: Compiled SQL for node model.enterprise_analytics.stg_products at target\.lsp\compiled\enterprise_analytics\models\staging\stg_products.sql
07:02:27.431762 [debug]: Compiled SQL for node model.enterprise_analytics.stg_employees at target\.lsp\compiled\enterprise_analytics\models\staging\stg_employees.sql
07:02:27.431911 [debug]: Compiled SQL for node model.enterprise_analytics.stg_orders at target\.lsp\compiled\enterprise_analytics\models\staging\stg_orders.sql
07:02:27.452933 [debug]: Finished rendering [  0.04s] model STAGE_stage.stg_employees [success]
07:02:27.456200 [info ]: Started analyzing (10 nodes)
07:02:27.456522 [debug]: Started analyzing model STAGE_stage.stg_employees
07:02:27.457219 [debug]: Finished rendering [  0.04s] model STAGE_dimensions.dim_date [success]
07:02:27.457279 [debug]: Started analyzing model STAGE_dimensions.dim_date
07:02:27.457311 [debug]: Finished rendering [  0.04s] model STAGE_stage.stg_orders [success]
07:02:27.457333 [debug]: Started analyzing model STAGE_stage.stg_orders
07:02:27.457361 [debug]: Finished rendering [  0.04s] model STAGE_stage.stg_products [success]
07:02:27.457375 [debug]: Started analyzing model STAGE_stage.stg_products
07:02:27.457394 [debug]: Finished rendering [  0.04s] model STAGE_stage.stg_customers [success]
07:02:27.457410 [debug]: Started analyzing model STAGE_stage.stg_customers
07:02:27.457431 [debug]: Finished rendering [  0.04s] model STAGE_stage.fct_revenue_daily [success]
07:02:27.457449 [debug]: Started analyzing model STAGE_stage.fct_revenue_daily
07:02:27.487176 [debug]: Compiled SQL for node model.enterprise_analytics.fct_sales at target\.lsp\compiled\enterprise_analytics\models\facts\fct_sales.sql
07:02:27.487538 [debug]: Finished rendering [  0.07s] model STAGE_stage.fct_sales [success]
07:02:27.487609 [debug]: Started analyzing model STAGE_stage.fct_sales
07:02:27.488721 [debug]: Compiled SQL for node model.enterprise_analytics.dim_employees at target\.lsp\compiled\enterprise_analytics\models\dimensions\dim_employees.sql
07:02:27.488785 [debug]: Compiled SQL for node model.enterprise_analytics.dim_customers at target\.lsp\compiled\enterprise_analytics\models\dimensions\dim_customers.sql
07:02:27.489023 [debug]: Finished rendering [  0.07s] model STAGE_dimensions.dim_employees [success]
07:02:27.489088 [debug]: Started analyzing model STAGE_dimensions.dim_employees
07:02:27.489102 [debug]: Compiled SQL for node model.enterprise_analytics.dim_products at target\.lsp\compiled\enterprise_analytics\models\dimensions\dim_products.sql
07:02:27.489156 [debug]: Finished rendering [  0.07s] model STAGE_dimensions.dim_customers [success]
07:02:27.489349 [debug]: Started analyzing model STAGE_dimensions.dim_customers
07:02:27.491072 [debug]: Finished rendering [  0.08s] model STAGE_dimensions.dim_products [success]
07:02:27.491178 [info ]: Finished rendering [  0.08s] (10 nodes, 0 skipped, 0 errors)
07:02:27.491690 [debug]: Started analyzing model STAGE_dimensions.dim_products
07:02:27.533686 [debug]: Finished analyzing [  0.08s] model STAGE_stage.stg_customers [success]
07:02:27.533746 [info ]:  Succeeded [  0.12s] model STAGE_stage.stg_customers (view)
07:02:27.534187 [debug]: Finished analyzing [  0.08s] model STAGE_stage.stg_orders [success]
07:02:27.534222 [info ]:  Succeeded [  0.12s] model STAGE_stage.stg_orders (view)
07:02:27.534258 [debug]: Finished analyzing [  0.04s] model STAGE_dimensions.dim_customers [success]
07:02:27.534286 [info ]:  Succeeded [  0.12s] model STAGE_dimensions.dim_customers (table)
07:02:27.534311 [debug]: Finished analyzing [  0.04s] model STAGE_dimensions.dim_products [success]
07:02:27.534330 [info ]:  Succeeded [  0.12s] model STAGE_dimensions.dim_products (table)
07:02:27.534351 [debug]: Finished analyzing [  0.05s] model STAGE_dimensions.dim_employees [success]
07:02:27.534361 [info ]:  Succeeded [  0.12s] model STAGE_dimensions.dim_employees (table)
07:02:27.534378 [debug]: Finished analyzing [  0.08s] model STAGE_dimensions.dim_date [success]
07:02:27.534394 [info ]:  Succeeded [  0.12s] model STAGE_dimensions.dim_date (table)
07:02:27.534415 [debug]: Finished analyzing [  0.08s] model STAGE_stage.stg_employees [success]
07:02:27.534428 [info ]:  Succeeded [  0.11s] model STAGE_stage.stg_employees (view)
07:02:27.534445 [debug]: Finished analyzing [  0.08s] model STAGE_stage.stg_products [success]
07:02:27.534457 [info ]:  Succeeded [  0.12s] model STAGE_stage.stg_products (view)
07:02:27.538089 [debug]: Finished analyzing [  0.08s] model STAGE_stage.fct_revenue_daily [success]
07:02:27.538141 [info ]:  Succeeded [  0.12s] model STAGE_stage.fct_revenue_daily (table)
07:02:27.539146 [debug]: Finished analyzing [  0.05s] model STAGE_stage.fct_sales [success]
07:02:27.539171 [info ]: Finished analyzing [  0.08s] (10 nodes, 0 skipped, 0 errors)
07:02:27.539179 [info ]:  Succeeded [  0.12s] model STAGE_stage.fct_sales (table)
07:02:27.554451 [info ]: Started scheduling
07:02:27.554520 [info ]: Finished scheduling [  0.00s]
07:02:27.556276 [info ]: Cached model count updated: 10 models (accurate)
07:02:29.314942 [info ]: Started loading project
07:02:29.316736 [info ]: Loading profiles.yml
07:02:29.382569 [info ]: Cached model count updated: 10 models (estimate)
07:02:29.382592 [info ]: Cached model count updated: 10 models (accurate)
07:02:29.382636 [info ]: Started scheduling
07:02:29.382765 [info ]: Finished scheduling [  0.00s]
07:02:29.382782 [debug]: Compilation - 14 nodes selected: {"model.enterprise_analytics.dim_customers", "model.enterprise_analytics.dim_date", "model.enterprise_analytics.dim_employees", "model.enterprise_analytics.dim_products", "model.enterprise_analytics.fct_revenue_daily", "model.enterprise_analytics.fct_sales", "model.enterprise_analytics.stg_customers", "model.enterprise_analytics.stg_employees", "model.enterprise_analytics.stg_orders", "model.enterprise_analytics.stg_products", "seed.enterprise_analytics.raw_customers", "seed.enterprise_analytics.raw_employees", "seed.enterprise_analytics.raw_orders", "seed.enterprise_analytics.raw_products"}
07:02:29.418661 [info ]: Started building task graph
07:02:29.418752 [info ]: Finished building task graph [  0.00s]
07:02:29.418830 [info ]: Finished loading project [  0.10s]
07:02:29.474168 [info ]: Started rendering (14 nodes)
07:02:29.474807 [info ]: Started seed STAGE.raw_products
07:02:29.474887 [debug]: Started rendering seed STAGE.raw_products
07:02:29.474978 [info ]: Started seed STAGE.raw_orders
07:02:29.475014 [debug]: Started rendering seed STAGE.raw_orders
07:02:29.475048 [info ]: Started seed STAGE.raw_employees
07:02:29.475063 [debug]: Started rendering seed STAGE.raw_employees
07:02:29.475090 [info ]: Started seed STAGE.raw_customers
07:02:29.475107 [debug]: Started rendering seed STAGE.raw_customers
07:02:29.475142 [info ]: Started model STAGE_stage.fct_revenue_daily
07:02:29.475161 [debug]: Started rendering model STAGE_stage.fct_revenue_daily
07:02:29.475191 [info ]: Started model STAGE_stage.fct_sales
07:02:29.475209 [debug]: Started rendering model STAGE_stage.fct_sales
07:02:29.475250 [info ]: Started model STAGE_stage.stg_orders
07:02:29.475280 [debug]: Started rendering model STAGE_stage.stg_orders
07:02:29.475321 [info ]: Started model STAGE_dimensions.dim_products
07:02:29.475344 [debug]: Started rendering model STAGE_dimensions.dim_products
07:02:29.475374 [info ]: Started model STAGE_stage.stg_products
07:02:29.475391 [debug]: Started rendering model STAGE_stage.stg_products
07:02:29.475424 [info ]: Started model STAGE_dimensions.dim_employees
07:02:29.475459 [debug]: Started rendering model STAGE_dimensions.dim_employees
07:02:29.475498 [info ]: Started model STAGE_stage.stg_employees
07:02:29.475518 [debug]: Started rendering model STAGE_stage.stg_employees
07:02:29.475548 [info ]: Started model STAGE_dimensions.dim_date
07:02:29.475564 [debug]: Started rendering model STAGE_dimensions.dim_date
07:02:29.475592 [info ]: Started model STAGE_dimensions.dim_customers
07:02:29.475613 [debug]: Started rendering model STAGE_dimensions.dim_customers
07:02:29.475653 [info ]: Started model STAGE_stage.stg_customers
07:02:29.475674 [debug]: Started rendering model STAGE_stage.stg_customers
07:02:29.476771 [debug]: Finished rendering [  0.00s] seed STAGE.raw_products [success]
07:02:29.476838 [info ]:  Succeeded [  0.00s] seed  STAGE.raw_products (table)
07:02:29.476980 [debug]: Finished rendering [  0.00s] seed STAGE.raw_customers [success]
07:02:29.477015 [info ]:  Succeeded [  0.00s] seed  STAGE.raw_customers (table)
07:02:29.477545 [debug]: Compiled SQL for node model.enterprise_analytics.dim_date at target\.lsp\compiled\enterprise_analytics\models\dimensions\dim_date.sql
07:02:29.477738 [debug]: Finished rendering [  0.00s] model STAGE_dimensions.dim_date [success]
07:02:29.477826 [info ]: Started analyzing (10 nodes)
07:02:29.477903 [debug]: Started analyzing model STAGE_dimensions.dim_date
07:02:29.477987 [debug]: Finished rendering [  0.00s] seed STAGE.raw_employees [success]
07:02:29.478028 [info ]:  Succeeded [  0.00s] seed  STAGE.raw_employees (table)
07:02:29.478079 [debug]: Finished rendering [  0.00s] seed STAGE.raw_orders [success]
07:02:29.478097 [info ]:  Succeeded [  0.00s] seed  STAGE.raw_orders (table)
07:02:29.480177 [debug]: Compiled SQL for node model.enterprise_analytics.dim_products at target\.lsp\compiled\enterprise_analytics\models\dimensions\dim_products.sql
07:02:29.480212 [debug]: Compiled SQL for node model.enterprise_analytics.dim_employees at target\.lsp\compiled\enterprise_analytics\models\dimensions\dim_employees.sql
07:02:29.480353 [debug]: Compiled SQL for node model.enterprise_analytics.stg_orders at target\.lsp\compiled\enterprise_analytics\models\staging\stg_orders.sql
07:02:29.480447 [debug]: Compiled SQL for node model.enterprise_analytics.dim_customers at target\.lsp\compiled\enterprise_analytics\models\dimensions\dim_customers.sql
07:02:29.480517 [debug]: Compiled SQL for node model.enterprise_analytics.fct_revenue_daily at target\.lsp\compiled\enterprise_analytics\models\facts\fct_revenue_daily.sql
07:02:29.480635 [debug]: Compiled SQL for node model.enterprise_analytics.fct_sales at target\.lsp\compiled\enterprise_analytics\models\facts\fct_sales.sql
07:02:29.480718 [debug]: Compiled SQL for node model.enterprise_analytics.stg_products at target\.lsp\compiled\enterprise_analytics\models\staging\stg_products.sql
07:02:29.480848 [debug]: Compiled SQL for node model.enterprise_analytics.stg_customers at target\.lsp\compiled\enterprise_analytics\models\staging\stg_customers.sql
07:02:29.480951 [debug]: Finished analyzing [  0.00s] model STAGE_dimensions.dim_date [success]
07:02:29.481007 [debug]: Compiled SQL for node model.enterprise_analytics.stg_employees at target\.lsp\compiled\enterprise_analytics\models\staging\stg_employees.sql
07:02:29.481026 [info ]:  Succeeded [  0.01s] model STAGE_dimensions.dim_date (table)
07:02:29.481135 [debug]: Finished rendering [  0.01s] model STAGE_stage.stg_orders [success]
07:02:29.481195 [debug]: Started analyzing model STAGE_stage.stg_orders
07:02:29.481288 [debug]: Finished rendering [  0.01s] model STAGE_dimensions.dim_employees [success]
07:02:29.481316 [debug]: Started analyzing model STAGE_dimensions.dim_employees
07:02:29.481353 [debug]: Finished rendering [  0.01s] model STAGE_dimensions.dim_customers [success]
07:02:29.481382 [debug]: Started analyzing model STAGE_dimensions.dim_customers
07:02:29.481433 [debug]: Finished rendering [  0.01s] model STAGE_stage.fct_revenue_daily [success]
07:02:29.481458 [debug]: Started analyzing model STAGE_stage.fct_revenue_daily
07:02:29.481496 [debug]: Finished rendering [  0.01s] model STAGE_stage.fct_sales [success]
07:02:29.481518 [debug]: Started analyzing model STAGE_stage.fct_sales
07:02:29.481552 [debug]: Finished rendering [  0.01s] model STAGE_stage.stg_products [success]
07:02:29.481584 [debug]: Started analyzing model STAGE_stage.stg_products
07:02:29.481619 [debug]: Finished rendering [  0.01s] model STAGE_stage.stg_customers [success]
07:02:29.481644 [debug]: Started analyzing model STAGE_stage.stg_customers
07:02:29.481670 [debug]: Finished rendering [  0.01s] model STAGE_stage.stg_employees [success]
07:02:29.481694 [debug]: Started analyzing model STAGE_stage.stg_employees
07:02:29.481726 [debug]: Finished rendering [  0.01s] model STAGE_dimensions.dim_products [success]
07:02:29.481745 [info ]: Finished rendering [  0.01s] (14 nodes, 0 skipped, 0 errors)
07:02:29.481767 [debug]: Started analyzing model STAGE_dimensions.dim_products
07:02:29.482969 [debug]: Finished analyzing [  0.00s] model STAGE_stage.stg_customers [success]
07:02:29.483033 [info ]:  Succeeded [  0.01s] model STAGE_stage.stg_customers (view)
07:02:29.483368 [debug]: Finished analyzing [  0.00s] model STAGE_stage.stg_employees [success]
07:02:29.483427 [info ]:  Succeeded [  0.01s] model STAGE_stage.stg_employees (view)
07:02:29.483656 [debug]: Finished analyzing [  0.00s] model STAGE_stage.stg_products [success]
07:02:29.483746 [info ]:  Succeeded [  0.01s] model STAGE_stage.stg_products (view)
07:02:29.484662 [debug]: Finished analyzing [  0.00s] model STAGE_dimensions.dim_customers [success]
07:02:29.484770 [info ]:  Succeeded [  0.01s] model STAGE_dimensions.dim_customers (table)
07:02:29.484946 [debug]: Finished analyzing [  0.00s] model STAGE_stage.fct_revenue_daily [success]
07:02:29.485037 [info ]:  Succeeded [  0.01s] model STAGE_stage.fct_revenue_daily (table)
07:02:29.485103 [debug]: Finished analyzing [  0.00s] model STAGE_dimensions.dim_products [success]
07:02:29.485126 [info ]:  Succeeded [  0.01s] model STAGE_dimensions.dim_products (table)
07:02:29.485183 [debug]: Finished analyzing [  0.00s] model STAGE_dimensions.dim_employees [success]
07:02:29.485202 [info ]:  Succeeded [  0.01s] model STAGE_dimensions.dim_employees (table)
07:02:29.485424 [debug]: Finished analyzing [  0.00s] model STAGE_stage.stg_orders [success]
07:02:29.485514 [info ]:  Succeeded [  0.01s] model STAGE_stage.stg_orders (view)
07:02:29.493796 [debug]: Finished analyzing [  0.01s] model STAGE_stage.fct_sales [success]
07:02:29.493866 [info ]: Finished analyzing [  0.02s] (10 nodes, 0 skipped, 0 errors)
07:02:29.493887 [info ]:  Succeeded [  0.02s] model STAGE_stage.fct_sales (table)
07:02:29.504863 [info ]: Started scheduling
07:02:29.504943 [info ]: Finished scheduling [  0.00s]
07:02:29.506044 [info ]: Cached model count updated: 10 models (accurate)
07:02:46.014453 [info ]: Started loading project
07:02:46.015430 [info ]: Loading profiles.yml
07:02:46.049859 [info ]: Finished loading project [  0.04s]
07:02:46.050132 [info ]: Cached model count updated: 10 models (accurate)
07:02:47.123111 [info ]: Started loading project
07:02:47.123984 [info ]: Loading profiles.yml
07:02:47.157302 [info ]: Finished loading project [  0.03s]
07:02:47.157553 [info ]: Cached model count updated: 10 models (accurate)
07:02:48.807495 [info ]: Started loading project
07:02:48.808260 [info ]: Loading profiles.yml
07:02:48.834746 [info ]: Cached model count updated: 10 models (estimate)
07:02:48.834767 [info ]: Cached model count updated: 10 models (accurate)
07:02:48.834807 [info ]: Started scheduling
07:02:48.834903 [info ]: Finished scheduling [  0.00s]
07:02:48.834917 [debug]: Compilation - 14 nodes selected: {"model.enterprise_analytics.dim_customers", "model.enterprise_analytics.dim_date", "model.enterprise_analytics.dim_employees", "model.enterprise_analytics.dim_products", "model.enterprise_analytics.fct_revenue_daily", "model.enterprise_analytics.fct_sales", "model.enterprise_analytics.stg_customers", "model.enterprise_analytics.stg_employees", "model.enterprise_analytics.stg_orders", "model.enterprise_analytics.stg_products", "seed.enterprise_analytics.raw_customers", "seed.enterprise_analytics.raw_employees", "seed.enterprise_analytics.raw_orders", "seed.enterprise_analytics.raw_products"}
07:02:48.863608 [info ]: Started building task graph
07:02:48.863722 [info ]: Finished building task graph [  0.00s]
07:02:48.864044 [info ]: Finished loading project [  0.06s]
07:02:48.868407 [info ]: Started rendering (14 nodes)
07:02:48.868445 [info ]: Started seed STAGE.raw_products
07:02:48.868458 [debug]: Started rendering seed STAGE.raw_products
07:02:48.868480 [info ]: Started seed STAGE.raw_orders
07:02:48.868485 [debug]: Started rendering seed STAGE.raw_orders
07:02:48.868493 [info ]: Started seed STAGE.raw_employees
07:02:48.868498 [debug]: Started rendering seed STAGE.raw_employees
07:02:48.868504 [info ]: Started seed STAGE.raw_customers
07:02:48.868507 [debug]: Started rendering seed STAGE.raw_customers
07:02:48.868518 [info ]: Started model STAGE_stage.fct_revenue_daily
07:02:48.868523 [debug]: Started rendering model STAGE_stage.fct_revenue_daily
07:02:48.868530 [info ]: Started model STAGE_stage.fct_sales
07:02:48.868536 [debug]: Started rendering model STAGE_stage.fct_sales
07:02:48.868546 [info ]: Started model STAGE_stage.stg_orders
07:02:48.868554 [debug]: Started rendering model STAGE_stage.stg_orders
07:02:48.868569 [info ]: Started model STAGE_dimensions.dim_products
07:02:48.868577 [debug]: Started rendering model STAGE_dimensions.dim_products
07:02:48.868586 [info ]: Started model STAGE_stage.stg_products
07:02:48.868592 [debug]: Started rendering model STAGE_stage.stg_products
07:02:48.868598 [info ]: Started model STAGE_dimensions.dim_employees
07:02:48.868603 [debug]: Started rendering model STAGE_dimensions.dim_employees
07:02:48.868612 [info ]: Started model STAGE_stage.stg_employees
07:02:48.868615 [debug]: Started rendering model STAGE_stage.stg_employees
07:02:48.868622 [info ]: Started model STAGE_dimensions.dim_date
07:02:48.868628 [debug]: Started rendering model STAGE_dimensions.dim_date
07:02:48.868636 [info ]: Started model STAGE_dimensions.dim_customers
07:02:48.868644 [debug]: Started rendering model STAGE_dimensions.dim_customers
07:02:48.868654 [info ]: Started model STAGE_stage.stg_customers
07:02:48.868658 [debug]: Started rendering model STAGE_stage.stg_customers
07:02:48.868772 [debug]: Finished rendering [  0.00s] seed STAGE.raw_orders [success]
07:02:48.868821 [info ]:  Succeeded [-------] seed  STAGE.raw_orders (table)
07:02:48.868866 [debug]: Finished rendering [  0.00s] seed STAGE.raw_products [success]
07:02:48.868879 [info ]:  Succeeded [-------] seed  STAGE.raw_products (table)
07:02:48.868896 [debug]: Finished rendering [  0.00s] seed STAGE.raw_employees [success]
07:02:48.868903 [info ]:  Succeeded [-------] seed  STAGE.raw_employees (table)
07:02:48.868922 [debug]: Finished rendering [  0.00s] seed STAGE.raw_customers [success]
07:02:48.868929 [info ]:  Succeeded [-------] seed  STAGE.raw_customers (table)
07:02:48.869160 [debug]: Compiled SQL for node model.enterprise_analytics.dim_products at target\.lsp\compiled\enterprise_analytics\models\dimensions\dim_products.sql
07:02:48.869253 [debug]: Finished rendering [  0.00s] model STAGE_dimensions.dim_products [success]
07:02:48.869310 [info ]: Started analyzing (10 nodes)
07:02:48.869329 [debug]: Started analyzing model STAGE_dimensions.dim_products
07:02:48.869330 [debug]: Compiled SQL for node model.enterprise_analytics.stg_products at target\.lsp\compiled\enterprise_analytics\models\staging\stg_products.sql
07:02:48.869370 [debug]: Finished rendering [  0.00s] model STAGE_stage.stg_products [success]
07:02:48.869388 [debug]: Started analyzing model STAGE_stage.stg_products
07:02:48.869499 [debug]: Compiled SQL for node model.enterprise_analytics.fct_revenue_daily at target\.lsp\compiled\enterprise_analytics\models\facts\fct_revenue_daily.sql
07:02:48.869498 [debug]: Compiled SQL for node model.enterprise_analytics.dim_employees at target\.lsp\compiled\enterprise_analytics\models\dimensions\dim_employees.sql
07:02:48.869597 [debug]: Compiled SQL for node model.enterprise_analytics.stg_employees at target\.lsp\compiled\enterprise_analytics\models\staging\stg_employees.sql
07:02:48.869646 [debug]: Finished rendering [  0.00s] model STAGE_stage.fct_revenue_daily [success]
07:02:48.869682 [debug]: Started analyzing model STAGE_stage.fct_revenue_daily
07:02:48.869827 [debug]: Compiled SQL for node model.enterprise_analytics.fct_sales at target\.lsp\compiled\enterprise_analytics\models\facts\fct_sales.sql
07:02:48.869835 [debug]: Compiled SQL for node model.enterprise_analytics.stg_orders at target\.lsp\compiled\enterprise_analytics\models\staging\stg_orders.sql
07:02:48.869897 [debug]: Finished analyzing [  0.00s] model STAGE_stage.stg_products [success]
07:02:48.869919 [info ]:  Succeeded [-------] model STAGE_stage.stg_products (view)
07:02:48.870034 [debug]: Finished rendering [  0.00s] model STAGE_stage.stg_employees [success]
07:02:48.870055 [debug]: Started analyzing model STAGE_stage.stg_employees
07:02:48.870124 [debug]: Compiled SQL for node model.enterprise_analytics.dim_customers at target\.lsp\compiled\enterprise_analytics\models\dimensions\dim_customers.sql
07:02:48.870193 [debug]: Finished rendering [  0.00s] model STAGE_dimensions.dim_employees [success]
07:02:48.870223 [debug]: Started analyzing model STAGE_dimensions.dim_employees
07:02:48.870251 [debug]: Finished analyzing [  0.00s] model STAGE_dimensions.dim_products [success]
07:02:48.870261 [info ]:  Succeeded [-------] model STAGE_dimensions.dim_products (table)
07:02:48.870385 [debug]: Finished analyzing [  0.00s] model STAGE_stage.stg_employees [success]
07:02:48.870400 [debug]: Compiled SQL for node model.enterprise_analytics.dim_date at target\.lsp\compiled\enterprise_analytics\models\dimensions\dim_date.sql
07:02:48.870407 [info ]:  Succeeded [  0.00s] model STAGE_stage.stg_employees (view)
07:02:48.870429 [debug]: Finished rendering [  0.00s] model STAGE_stage.fct_sales [success]
07:02:48.870444 [debug]: Started analyzing model STAGE_stage.fct_sales
07:02:48.870462 [debug]: Finished rendering [  0.00s] model STAGE_stage.stg_orders [success]
07:02:48.870476 [debug]: Started analyzing model STAGE_stage.stg_orders
07:02:48.870497 [debug]: Finished rendering [  0.00s] model STAGE_dimensions.dim_customers [success]
07:02:48.870514 [debug]: Started analyzing model STAGE_dimensions.dim_customers
07:02:48.870534 [debug]: Finished rendering [  0.00s] model STAGE_dimensions.dim_date [success]
07:02:48.870548 [debug]: Started analyzing model STAGE_dimensions.dim_date
07:02:48.870568 [debug]: Finished analyzing [  0.00s] model STAGE_stage.fct_revenue_daily [success]
07:02:48.870581 [info ]:  Succeeded [  0.00s] model STAGE_stage.fct_revenue_daily (table)
07:02:48.870602 [debug]: Compiled SQL for node model.enterprise_analytics.stg_customers at target\.lsp\compiled\enterprise_analytics\models\staging\stg_customers.sql
07:02:48.870748 [debug]: Finished rendering [  0.00s] model STAGE_stage.stg_customers [success]
07:02:48.870773 [info ]: Finished rendering [  0.00s] (14 nodes, 0 skipped, 0 errors)
07:02:48.870793 [debug]: Started analyzing model STAGE_stage.stg_customers
07:02:48.871039 [debug]: Finished analyzing [  0.00s] model STAGE_dimensions.dim_customers [success]
07:02:48.871065 [info ]:  Succeeded [  0.00s] model STAGE_dimensions.dim_customers (table)
07:02:48.871090 [debug]: Finished analyzing [  0.00s] model STAGE_stage.stg_orders [success]
07:02:48.871099 [info ]:  Succeeded [  0.00s] model STAGE_stage.stg_orders (view)
07:02:48.871150 [debug]: Finished analyzing [  0.00s] model STAGE_stage.stg_customers [success]
07:02:48.871172 [info ]:  Succeeded [  0.00s] model STAGE_stage.stg_customers (view)
07:02:48.871241 [debug]: Finished analyzing [  0.00s] model STAGE_dimensions.dim_date [success]
07:02:48.871264 [info ]:  Succeeded [  0.00s] model STAGE_dimensions.dim_date (table)
07:02:48.871401 [debug]: Finished analyzing [  0.00s] model STAGE_dimensions.dim_employees [success]
07:02:48.871425 [info ]:  Succeeded [  0.00s] model STAGE_dimensions.dim_employees (table)
07:02:48.873226 [debug]: Finished analyzing [  0.00s] model STAGE_stage.fct_sales [success]
07:02:48.873254 [info ]: Finished analyzing [  0.00s] (10 nodes, 0 skipped, 0 errors)
07:02:48.873263 [info ]:  Succeeded [  0.00s] model STAGE_stage.fct_sales (table)
07:02:48.878451 [info ]: Started scheduling
07:02:48.878572 [info ]: Finished scheduling [  0.00s]
07:02:48.879596 [info ]: Cached model count updated: 10 models (accurate)
==================== 2026-06-29T09:42:25.441354Z | 00000000-0000-0000-0000-000000000000 ====================
==================== 2026-06-29T09:42:25.443314Z | 623737ee-7fa0-4896-b034-147945798d28 ====================
09:42:25.444032 [info ]: Starting dbt LSP server
09:42:25.444623 [info ]: Connecting to LSP client on port 8000
09:42:25.448195 [info ]: Successfully connected to LSP client
09:42:25.448343 [info ]: Creating LSP service...
09:42:25.526807 [info ]: Creating LSP server...
09:42:25.526825 [info ]: Starting LSP server...
09:42:25.696448 [info ]: Loading profiles.yml
09:42:25.804486 [info ]: Started loading project
09:42:25.811415 [info ]: Loading profiles.yml
09:42:25.882731 [info ]: Loading packages.yml
09:42:25.885477 [debug]:    Started loading packages
09:42:25.927809 [debug]:     Loaded [  0.04s] packages
09:42:25.936381 [info ]: Started parsing
09:42:27.492764 [info ]: Finished loading project [  1.69s]
09:42:27.565778 [debug]: Finished parsing models\dimensions\dim_customers.yml [  0.03s]
09:42:27.581009 [debug]: Finished parsing models\facts\fct_revenue_daily.yml [  0.02s]
09:42:27.591580 [debug]: Finished parsing models\facts\fct_sales.yml [  0.01s]
09:42:27.600964 [debug]: Finished parsing models\staging\_sources.yml [  0.01s]
09:42:27.609578 [debug]: Finished parsing models\staging\stg_customers.yml [  0.01s]
09:42:27.618231 [debug]: Finished parsing models\staging\stg_employees.yml [  0.01s]
09:42:27.625873 [debug]: Finished parsing models\staging\stg_orders.yml [  0.01s]
09:42:27.634241 [debug]: Finished parsing models\staging\stg_products.yml [  0.01s]
09:42:27.750819 [debug]: Finished parsing models\dimensions\dim_customers.sql [  0.05s]
09:42:27.760537 [debug]: Finished parsing models\dimensions\dim_date.sql [  0.01s]
09:42:27.794374 [debug]: Finished parsing models\dimensions\dim_employees.sql [  0.03s]
09:42:27.820090 [debug]: Finished parsing models\dimensions\dim_products.sql [  0.03s]
09:42:27.851608 [debug]: Finished parsing models\facts\fct_revenue_daily.sql [  0.03s]
09:42:27.886007 [debug]: Finished parsing models\facts\fct_sales.sql [  0.03s]
09:42:27.888527 [debug]: Finished parsing models\staging\stg_customers.sql [  0.00s]
09:42:27.907461 [debug]: Finished parsing models\staging\stg_employees.sql [  0.02s]
09:42:27.923860 [debug]: Finished parsing models\staging\stg_orders.sql [  0.02s]
09:42:27.940467 [debug]: Finished parsing models\staging\stg_products.sql [  0.02s]
09:42:27.958942 [info ]: Finished parsing [  2.02s]
09:42:27.961281 [info ]: Cached model count updated: 10 models (estimate)
09:42:27.961297 [info ]: Cached model count updated: 10 models (accurate)
09:42:27.967973 [info ]: Started scheduling
09:42:27.980977 [info ]: Finished scheduling [  0.01s]
09:42:27.981642 [debug]: Compilation - 1 nodes selected: {"model.enterprise_analytics.stg_customers"}
09:42:27.982603 [info ]: Started scheduling
09:42:27.984051 [info ]: Finished scheduling [  0.00s]
09:42:27.988228 [debug]: Initializing schema store with entry: Frontier(CanonicalFqn { catalog: "SALES", schema: "STAGE", table: "RAW_EMPLOYEES" }) and interval: None
09:42:27.988457 [debug]: Initializing schema store with entry: Frontier(CanonicalFqn { catalog: "SALES", schema: "STAGE", table: "RAW_ORDERS" }) and interval: None
09:42:27.988477 [debug]: Initializing schema store with entry: Frontier(CanonicalFqn { catalog: "SALES", schema: "STAGE", table: "RAW_PRODUCTS" }) and interval: None
09:42:27.988492 [debug]: Initializing schema store with entry: Frontier(CanonicalFqn { catalog: "SALES", schema: "STAGE", table: "RAW_CUSTOMERS" }) and interval: None
09:42:28.906841 [debug]: License from file C:\Users\HitheshPatel\.dbt\license.17878 is in refresh window, attempting remote refresh
09:42:28.909860 [debug]: Requesting license from https://ih492.us1.dbt.com/api/private/accounts/17878/feature-licenses/ with 1 key IDs: ["fusion-prod-2025-11-20"]
09:42:29.779645 [debug]: License successfully retrieved from remote
09:42:29.779822 [debug]: License loaded from remote server ih492.us1.dbt.com
09:42:29.780628 [debug]: License cached to file for account 17878
09:42:29.823183 [info ]: Started building task graph
09:42:29.829861 [info ]: Finished building task graph [  0.01s]
09:42:29.889444 [info ]: Started rendering (1 nodes)
09:42:29.890685 [info ]: Started model STAGE_stage.stg_customers
09:42:29.890845 [debug]: Started rendering model STAGE_stage.stg_customers
09:42:29.901096 [debug]: Compiled SQL for node model.enterprise_analytics.stg_customers at target\.lsp\compiled\enterprise_analytics\models\staging\stg_customers.sql
09:42:29.903333 [debug]: Finished rendering [  0.01s] model STAGE_stage.stg_customers [success]
09:42:29.903376 [info ]: Finished rendering [  0.01s] (1 nodes, 0 skipped, 0 errors)
09:42:29.905250 [info ]: Started analyzing (1 nodes)
09:42:29.905310 [debug]: Started analyzing model STAGE_stage.stg_customers
09:42:29.962276 [debug]: Finished analyzing [  0.06s] model STAGE_stage.stg_customers [success]
09:42:29.962359 [info ]: Finished analyzing [  0.06s] (1 nodes, 0 skipped, 0 errors)
09:42:29.962449 [info ]:  Succeeded [  0.07s] model STAGE_stage.stg_customers (view)
09:42:29.975379 [info ]: Started scheduling
09:42:29.975436 [info ]: Finished scheduling [  0.00s]
09:42:29.976056 [info ]: Cached model count updated: 10 models (accurate)
09:42:34.840698 [info ]: Started loading project
09:42:34.842098 [info ]: Loading profiles.yml
09:42:34.925661 [info ]: Cached model count updated: 10 models (estimate)
09:42:34.925732 [info ]: Cached model count updated: 10 models (accurate)
09:42:34.925856 [info ]: Started scheduling
09:42:34.926114 [info ]: Finished scheduling [  0.00s]
09:42:34.926154 [debug]: Compilation - 4 nodes selected: {"model.enterprise_analytics.dim_customers", "model.enterprise_analytics.fct_revenue_daily", "model.enterprise_analytics.fct_sales", "model.enterprise_analytics.stg_customers"}
09:42:35.034739 [info ]: Started building task graph
09:42:35.034880 [info ]: Finished building task graph [  0.00s]
09:42:35.035567 [info ]: Started rendering (4 nodes)
09:42:35.035622 [info ]: Started model STAGE_stage.fct_revenue_daily
09:42:35.035643 [debug]: Started rendering model STAGE_stage.fct_revenue_daily
09:42:35.035695 [info ]: Started model STAGE_stage.fct_sales
09:42:35.035703 [debug]: Started rendering model STAGE_stage.fct_sales
09:42:35.035714 [info ]: Started model STAGE_dimensions.dim_customers
09:42:35.035722 [debug]: Started rendering model STAGE_dimensions.dim_customers
09:42:35.035734 [info ]: Started model STAGE_stage.stg_customers
09:42:35.035740 [debug]: Started rendering model STAGE_stage.stg_customers
09:42:35.035733 [info ]: Finished loading project [  0.20s]
09:42:35.039253 [debug]: Compiled SQL for node model.enterprise_analytics.fct_revenue_daily at target\.lsp\compiled\enterprise_analytics\models\facts\fct_revenue_daily.sql
09:42:35.039570 [debug]: Finished rendering [  0.00s] model STAGE_stage.fct_revenue_daily [success]
09:42:35.039651 [info ]: Started analyzing (4 nodes)
09:42:35.039676 [debug]: Started analyzing model STAGE_stage.fct_revenue_daily
09:42:35.040644 [debug]: Compiled SQL for node model.enterprise_analytics.stg_customers at target\.lsp\compiled\enterprise_analytics\models\staging\stg_customers.sql
09:42:35.040827 [debug]: Finished rendering [  0.01s] model STAGE_stage.stg_customers [success]
09:42:35.040903 [debug]: Started analyzing model STAGE_stage.stg_customers
09:42:35.041686 [debug]: Finished analyzing [  0.00s] model STAGE_stage.stg_customers [success]
09:42:35.041732 [info ]:  Succeeded [  0.01s] model STAGE_stage.stg_customers (view)
09:42:35.073072 [debug]: Finished analyzing [  0.03s] model STAGE_stage.fct_revenue_daily [success]
09:42:35.073141 [info ]:  Succeeded [  0.04s] model STAGE_stage.fct_revenue_daily (table)
09:42:35.096544 [debug]: Compiled SQL for node model.enterprise_analytics.fct_sales at target\.lsp\compiled\enterprise_analytics\models\facts\fct_sales.sql
09:42:35.096544 [debug]: Compiled SQL for node model.enterprise_analytics.dim_customers at target\.lsp\compiled\enterprise_analytics\models\dimensions\dim_customers.sql
09:42:35.097049 [debug]: Finished rendering [  0.06s] model STAGE_dimensions.dim_customers [success]
09:42:35.097125 [debug]: Started analyzing model STAGE_dimensions.dim_customers
09:42:35.097194 [debug]: Finished rendering [  0.06s] model STAGE_stage.fct_sales [success]
09:42:35.097219 [info ]: Finished rendering [  0.06s] (4 nodes, 0 skipped, 0 errors)
09:42:35.097234 [debug]: Started analyzing model STAGE_stage.fct_sales
09:42:35.120235 [debug]: Finished analyzing [  0.02s] model STAGE_dimensions.dim_customers [success]
09:42:35.120302 [info ]:  Succeeded [  0.08s] model STAGE_dimensions.dim_customers (table)
09:42:35.136929 [debug]: Finished analyzing [  0.04s] model STAGE_stage.fct_sales [success]
09:42:35.136983 [info ]: Finished analyzing [  0.10s] (4 nodes, 0 skipped, 0 errors)
09:42:35.136998 [info ]:  Succeeded [  0.10s] model STAGE_stage.fct_sales (table)
09:42:35.149933 [info ]: Started scheduling
09:42:35.150187 [info ]: Finished scheduling [  0.00s]
09:42:35.152846 [info ]: Cached model count updated: 10 models (accurate)
09:42:36.769345 [info ]: Started loading project
09:42:36.770770 [info ]: Loading profiles.yml
09:42:36.817500 [info ]: Cached model count updated: 10 models (estimate)
09:42:36.817547 [info ]: Cached model count updated: 10 models (accurate)
09:42:36.817640 [info ]: Started scheduling
09:42:36.817815 [info ]: Finished scheduling [  0.00s]
09:42:36.817850 [debug]: Compilation - 14 nodes selected: {"model.enterprise_analytics.dim_customers", "model.enterprise_analytics.dim_date", "model.enterprise_analytics.dim_employees", "model.enterprise_analytics.dim_products", "model.enterprise_analytics.fct_revenue_daily", "model.enterprise_analytics.fct_sales", "model.enterprise_analytics.stg_customers", "model.enterprise_analytics.stg_employees", "model.enterprise_analytics.stg_orders", "model.enterprise_analytics.stg_products", "seed.enterprise_analytics.raw_customers", "seed.enterprise_analytics.raw_employees", "seed.enterprise_analytics.raw_orders", "seed.enterprise_analytics.raw_products"}
09:42:36.889740 [info ]: Started building task graph
09:42:36.890002 [info ]: Finished building task graph [  0.00s]
09:42:36.890200 [info ]: Finished loading project [  0.12s]
09:42:36.939380 [info ]: Started rendering (14 nodes)
09:42:36.939825 [info ]: Started seed STAGE.raw_products
09:42:36.939867 [debug]: Started rendering seed STAGE.raw_products
09:42:36.939930 [info ]: Started seed STAGE.raw_orders
09:42:36.939939 [debug]: Started rendering seed STAGE.raw_orders
09:42:36.939951 [info ]: Started seed STAGE.raw_employees
09:42:36.939960 [debug]: Started rendering seed STAGE.raw_employees
09:42:36.939974 [info ]: Started seed STAGE.raw_customers
09:42:36.939979 [debug]: Started rendering seed STAGE.raw_customers
09:42:36.939995 [info ]: Started model STAGE_stage.fct_revenue_daily
09:42:36.940003 [debug]: Started rendering model STAGE_stage.fct_revenue_daily
09:42:36.940017 [info ]: Started model STAGE_stage.fct_sales
09:42:36.940023 [debug]: Started rendering model STAGE_stage.fct_sales
09:42:36.940034 [info ]: Started model STAGE_stage.stg_orders
09:42:36.940040 [debug]: Started rendering model STAGE_stage.stg_orders
09:42:36.940047 [info ]: Started model STAGE_dimensions.dim_products
09:42:36.940054 [debug]: Started rendering model STAGE_dimensions.dim_products
09:42:36.940065 [info ]: Started model STAGE_stage.stg_products
09:42:36.940075 [debug]: Started rendering model STAGE_stage.stg_products
09:42:36.940084 [info ]: Started model STAGE_dimensions.dim_employees
09:42:36.940089 [debug]: Started rendering model STAGE_dimensions.dim_employees
09:42:36.940097 [info ]: Started model STAGE_stage.stg_employees
09:42:36.940103 [debug]: Started rendering model STAGE_stage.stg_employees
09:42:36.940116 [info ]: Started model STAGE_dimensions.dim_date
09:42:36.940124 [debug]: Started rendering model STAGE_dimensions.dim_date
09:42:36.940135 [info ]: Started model STAGE_dimensions.dim_customers
09:42:36.940140 [debug]: Started rendering model STAGE_dimensions.dim_customers
09:42:36.940150 [info ]: Started model STAGE_stage.stg_customers
09:42:36.940156 [debug]: Started rendering model STAGE_stage.stg_customers
09:42:36.940669 [debug]: Finished rendering [  0.00s] seed STAGE.raw_products [success]
09:42:36.940736 [info ]:  Succeeded [-------] seed  STAGE.raw_products (table)
09:42:36.940795 [debug]: Finished rendering [  0.00s] seed STAGE.raw_orders [success]
09:42:36.940807 [info ]:  Succeeded [-------] seed  STAGE.raw_orders (table)
09:42:36.940836 [debug]: Finished rendering [  0.00s] seed STAGE.raw_employees [success]
09:42:36.940846 [info ]:  Succeeded [-------] seed  STAGE.raw_employees (table)
09:42:36.940866 [debug]: Finished rendering [  0.00s] seed STAGE.raw_customers [success]
09:42:36.940874 [info ]:  Succeeded [-------] seed  STAGE.raw_customers (table)
09:42:36.941392 [debug]: Compiled SQL for node model.enterprise_analytics.fct_revenue_daily at target\.lsp\compiled\enterprise_analytics\models\facts\fct_revenue_daily.sql
09:42:36.941767 [debug]: Finished rendering [  0.00s] model STAGE_stage.fct_revenue_daily [success]
09:42:36.941833 [info ]: Started analyzing (10 nodes)
09:42:36.941855 [debug]: Started analyzing model STAGE_stage.fct_revenue_daily
09:42:36.943172 [debug]: Finished analyzing [  0.00s] model STAGE_stage.fct_revenue_daily [success]
09:42:36.943225 [info ]:  Succeeded [  0.00s] model STAGE_stage.fct_revenue_daily (table)
09:42:36.943523 [debug]: Compiled SQL for node model.enterprise_analytics.stg_employees at target\.lsp\compiled\enterprise_analytics\models\staging\stg_employees.sql
09:42:36.943547 [debug]: Compiled SQL for node model.enterprise_analytics.dim_date at target\.lsp\compiled\enterprise_analytics\models\dimensions\dim_date.sql
09:42:36.943952 [debug]: Finished rendering [  0.00s] model STAGE_stage.stg_employees [success]
09:42:36.944041 [debug]: Started analyzing model STAGE_stage.stg_employees
09:42:36.944098 [debug]: Finished rendering [  0.00s] model STAGE_dimensions.dim_date [success]
09:42:36.944105 [debug]: Compiled SQL for node model.enterprise_analytics.stg_customers at target\.lsp\compiled\enterprise_analytics\models\staging\stg_customers.sql
09:42:36.944120 [debug]: Started analyzing model STAGE_dimensions.dim_date
09:42:36.944216 [debug]: Finished rendering [  0.00s] model STAGE_stage.stg_customers [success]
09:42:36.944251 [debug]: Started analyzing model STAGE_stage.stg_customers
09:42:36.944544 [debug]: Compiled SQL for node model.enterprise_analytics.dim_customers at target\.lsp\compiled\enterprise_analytics\models\dimensions\dim_customers.sql
09:42:36.944918 [debug]: Finished rendering [  0.00s] model STAGE_dimensions.dim_customers [success]
09:42:36.945061 [debug]: Started analyzing model STAGE_dimensions.dim_customers
09:42:36.945112 [debug]: Finished analyzing [  0.00s] model STAGE_stage.stg_employees [success]
09:42:36.945131 [info ]:  Succeeded [  0.00s] model STAGE_stage.stg_employees (view)
09:42:36.945163 [debug]: Finished analyzing [  0.00s] model STAGE_stage.stg_customers [success]
09:42:36.945174 [info ]:  Succeeded [  0.00s] model STAGE_stage.stg_customers (view)
09:42:36.945320 [debug]: Compiled SQL for node model.enterprise_analytics.dim_products at target\.lsp\compiled\enterprise_analytics\models\dimensions\dim_products.sql
09:42:36.945764 [debug]: Finished rendering [  0.01s] model STAGE_dimensions.dim_products [success]
09:42:36.945804 [debug]: Started analyzing model STAGE_dimensions.dim_products
09:42:36.945948 [debug]: Finished analyzing [  0.00s] model STAGE_dimensions.dim_customers [success]
09:42:36.945972 [info ]:  Succeeded [  0.00s] model STAGE_dimensions.dim_customers (table)
09:42:36.946950 [debug]: Compiled SQL for node model.enterprise_analytics.stg_orders at target\.lsp\compiled\enterprise_analytics\models\staging\stg_orders.sql
09:42:36.947221 [debug]: Finished rendering [  0.01s] model STAGE_stage.stg_orders [success]
09:42:36.947290 [debug]: Started analyzing model STAGE_stage.stg_orders
09:42:36.948183 [debug]: Finished analyzing [  0.00s] model STAGE_dimensions.dim_date [success]
09:42:36.948244 [info ]:  Succeeded [  0.01s] model STAGE_dimensions.dim_date (table)
09:42:36.948529 [debug]: Finished analyzing [  0.00s] model STAGE_dimensions.dim_products [success]
09:42:36.948562 [info ]:  Succeeded [  0.01s] model STAGE_dimensions.dim_products (table)
09:42:36.952217 [debug]: Compiled SQL for node model.enterprise_analytics.stg_products at target\.lsp\compiled\enterprise_analytics\models\staging\stg_products.sql
09:42:36.952443 [debug]: Compiled SQL for node model.enterprise_analytics.fct_sales at target\.lsp\compiled\enterprise_analytics\models\facts\fct_sales.sql
09:42:36.952645 [debug]: Finished rendering [  0.01s] model STAGE_stage.stg_products [success]
09:42:36.952723 [debug]: Started analyzing model STAGE_stage.stg_products
09:42:36.954720 [debug]: Finished analyzing [  0.00s] model STAGE_stage.stg_products [success]
09:42:36.954818 [info ]:  Succeeded [  0.01s] model STAGE_stage.stg_products (view)
09:42:36.954862 [debug]: Compiled SQL for node model.enterprise_analytics.dim_employees at target\.lsp\compiled\enterprise_analytics\models\dimensions\dim_employees.sql
09:42:36.956042 [debug]: Finished rendering [  0.02s] model STAGE_dimensions.dim_employees [success]
09:42:36.956156 [debug]: Started analyzing model STAGE_dimensions.dim_employees
09:42:36.956427 [debug]: Finished analyzing [  0.01s] model STAGE_stage.stg_orders [success]
09:42:36.956479 [info ]:  Succeeded [  0.02s] model STAGE_stage.stg_orders (view)
09:42:36.959375 [debug]: Finished rendering [  0.02s] model STAGE_stage.fct_sales [success]
09:42:36.959457 [info ]: Finished rendering [  0.02s] (14 nodes, 0 skipped, 0 errors)
09:42:36.959508 [debug]: Started analyzing model STAGE_stage.fct_sales
09:42:36.961518 [debug]: Finished analyzing [  0.01s] model STAGE_dimensions.dim_employees [success]
09:42:36.961583 [info ]:  Succeeded [  0.02s] model STAGE_dimensions.dim_employees (table)
09:42:36.972279 [debug]: Finished analyzing [  0.01s] model STAGE_stage.fct_sales [success]
09:42:36.972395 [info ]: Finished analyzing [  0.03s] (10 nodes, 0 skipped, 0 errors)
09:42:36.972420 [info ]:  Succeeded [  0.03s] model STAGE_stage.fct_sales (table)
09:42:36.988555 [info ]: Started scheduling
09:42:36.988717 [info ]: Finished scheduling [  0.00s]
09:42:36.991514 [info ]: Cached model count updated: 10 models (accurate)
07:40:04.324962 [info ]: Started loading project
07:40:04.353912 [info ]: Loading profiles.yml
07:40:04.495322 [info ]: Cached model count updated: 10 models (accurate)
07:40:04.494775 [info ]: Finished loading project [  0.17s]
07:40:06.211235 [info ]: Started loading project
07:40:06.212907 [info ]: Loading profiles.yml
07:40:06.244872 [info ]: Cached model count updated: 10 models (estimate)
07:40:06.244924 [info ]: Cached model count updated: 10 models (accurate)
07:40:06.249635 [info ]: Started scheduling
07:40:06.257789 [info ]: Finished scheduling [  0.01s]
07:40:06.257858 [debug]: Compilation - 14 nodes selected: {"model.enterprise_analytics.dim_customers", "model.enterprise_analytics.dim_date", "model.enterprise_analytics.dim_employees", "model.enterprise_analytics.dim_products", "model.enterprise_analytics.fct_revenue_daily", "model.enterprise_analytics.fct_sales", "model.enterprise_analytics.stg_customers", "model.enterprise_analytics.stg_employees", "model.enterprise_analytics.stg_orders", "model.enterprise_analytics.stg_products", "seed.enterprise_analytics.raw_customers", "seed.enterprise_analytics.raw_employees", "seed.enterprise_analytics.raw_orders", "seed.enterprise_analytics.raw_products"}
07:40:07.564083 [info ]: Finished loading project [  1.35s]
07:40:07.564406 [info ]: Cached model count updated: 10 models (accurate)
07:40:07.565351 [info ]: Waiting for lease on 'target' directory
07:40:07.701362 [info ]: Started loading project
07:40:07.702060 [info ]: Loading profiles.yml
07:40:07.725024 [info ]: Started parsing
07:40:07.770206 [info ]: Finished loading project [  0.07s]
07:40:07.786394 [debug]: Finished parsing models\staging\stg_customers.yml [  0.00s]
07:40:07.792735 [debug]: Finished parsing models\staging\stg_customers.sql [  0.00s]
07:40:07.801296 [info ]: Finished parsing [  0.08s]
07:40:07.804404 [info ]: Cached model count updated: 10 models (estimate)
07:40:07.804422 [info ]: Cached model count updated: 10 models (accurate)
07:40:07.804725 [info ]: Started scheduling
07:40:07.805681 [info ]: Finished scheduling [  0.00s]
07:40:07.805700 [debug]: Compilation - 1 nodes selected: {"model.enterprise_analytics.stg_customers"}
07:40:07.832877 [info ]: Started building task graph
07:40:07.836247 [info ]: Finished building task graph [  0.00s]
07:40:07.854696 [info ]: Started rendering (1 nodes)
07:40:07.855100 [info ]: Started model STAGE_stage.stg_customers
07:40:07.855235 [debug]: Started rendering model STAGE_stage.stg_customers
07:40:07.864416 [debug]: Compiled SQL for node model.enterprise_analytics.stg_customers at target\.lsp\compiled\enterprise_analytics\models\staging\stg_customers.sql
07:40:07.866740 [debug]: Finished rendering [  0.01s] model STAGE_stage.stg_customers [success]
07:40:07.866776 [info ]: Finished rendering [  0.01s] (1 nodes, 0 skipped, 0 errors)
07:40:07.867521 [info ]: Started analyzing (1 nodes)
07:40:07.867546 [debug]: Started analyzing model STAGE_stage.stg_customers
07:40:07.895904 [debug]: Finished analyzing [  0.03s] model STAGE_stage.stg_customers [success]
07:40:07.895939 [info ]: Finished analyzing [  0.03s] (1 nodes, 0 skipped, 0 errors)
07:40:07.895949 [info ]:  Succeeded [  0.04s] model STAGE_stage.stg_customers (view)
07:40:07.906028 [info ]: Started scheduling
07:40:07.906093 [info ]: Finished scheduling [  0.00s]
07:40:07.906991 [info ]: Cached model count updated: 10 models (accurate)
07:40:09.555712 [info ]: Started loading project
07:40:09.556580 [info ]: Loading profiles.yml
07:40:09.585499 [info ]: Cached model count updated: 10 models (estimate)
07:40:09.585522 [info ]: Cached model count updated: 10 models (accurate)
07:40:09.585562 [info ]: Started scheduling
07:40:09.585661 [info ]: Finished scheduling [  0.00s]
07:40:09.585676 [debug]: Compilation - 14 nodes selected: {"model.enterprise_analytics.dim_customers", "model.enterprise_analytics.dim_date", "model.enterprise_analytics.dim_employees", "model.enterprise_analytics.dim_products", "model.enterprise_analytics.fct_revenue_daily", "model.enterprise_analytics.fct_sales", "model.enterprise_analytics.stg_customers", "model.enterprise_analytics.stg_employees", "model.enterprise_analytics.stg_orders", "model.enterprise_analytics.stg_products", "seed.enterprise_analytics.raw_customers", "seed.enterprise_analytics.raw_employees", "seed.enterprise_analytics.raw_orders", "seed.enterprise_analytics.raw_products"}
07:40:09.612210 [info ]: Started building task graph
07:40:09.612309 [info ]: Finished building task graph [  0.00s]
07:40:09.612478 [info ]: Finished loading project [  0.06s]
07:40:09.642830 [info ]: Started rendering (14 nodes)
07:40:09.643225 [info ]: Started seed STAGE.raw_products
07:40:09.643273 [debug]: Started rendering seed STAGE.raw_products
07:40:09.643332 [info ]: Started seed STAGE.raw_orders
07:40:09.643346 [debug]: Started rendering seed STAGE.raw_orders
07:40:09.643366 [info ]: Started seed STAGE.raw_employees
07:40:09.643382 [debug]: Started rendering seed STAGE.raw_employees
07:40:09.643420 [info ]: Started seed STAGE.raw_customers
07:40:09.643440 [debug]: Started rendering seed STAGE.raw_customers
07:40:09.643536 [info ]: Started model STAGE_stage.fct_revenue_daily
07:40:09.643566 [debug]: Started rendering model STAGE_stage.fct_revenue_daily
07:40:09.643618 [info ]: Started model STAGE_stage.fct_sales
07:40:09.643635 [debug]: Started rendering model STAGE_stage.fct_sales
07:40:09.643649 [info ]: Started model STAGE_stage.stg_orders
07:40:09.643657 [debug]: Started rendering model STAGE_stage.stg_orders
07:40:09.643699 [info ]: Started model STAGE_dimensions.dim_products
07:40:09.643722 [debug]: Started rendering model STAGE_dimensions.dim_products
07:40:09.643743 [info ]: Started model STAGE_stage.stg_products
07:40:09.643758 [debug]: Started rendering model STAGE_stage.stg_products
07:40:09.643780 [info ]: Started model STAGE_dimensions.dim_employees
07:40:09.643788 [debug]: Started rendering model STAGE_dimensions.dim_employees
07:40:09.651247 [info ]: Started model STAGE_stage.stg_employees
07:40:09.651432 [debug]: Started rendering model STAGE_stage.stg_employees
07:40:09.651514 [info ]: Started model STAGE_dimensions.dim_date
07:40:09.651567 [debug]: Started rendering model STAGE_dimensions.dim_date
07:40:09.651604 [info ]: Started model STAGE_dimensions.dim_customers
07:40:09.651619 [debug]: Started rendering model STAGE_dimensions.dim_customers
07:40:09.651642 [info ]: Started model STAGE_stage.stg_customers
07:40:09.651660 [debug]: Started rendering model STAGE_stage.stg_customers
07:40:09.651726 [debug]: Finished rendering [  0.01s] seed STAGE.raw_products [success]
07:40:09.651763 [info ]:  Succeeded [  0.01s] seed  STAGE.raw_products (table)
07:40:09.651862 [debug]: Finished rendering [  0.01s] seed STAGE.raw_orders [success]
07:40:09.651879 [info ]:  Succeeded [  0.01s] seed  STAGE.raw_orders (table)
07:40:09.651903 [debug]: Finished rendering [  0.01s] seed STAGE.raw_employees [success]
07:40:09.651913 [info ]:  Succeeded [  0.01s] seed  STAGE.raw_employees (table)
07:40:09.651932 [debug]: Finished rendering [  0.01s] seed STAGE.raw_customers [success]
07:40:09.651939 [info ]:  Succeeded [  0.01s] seed  STAGE.raw_customers (table)
07:40:09.668858 [debug]: Compiled SQL for node model.enterprise_analytics.stg_customers at target\.lsp\compiled\enterprise_analytics\models\staging\stg_customers.sql
07:40:09.669095 [debug]: Finished rendering [  0.02s] model STAGE_stage.stg_customers [success]
07:40:09.669182 [info ]: Started analyzing (10 nodes)
07:40:09.669218 [debug]: Started analyzing model STAGE_stage.stg_customers
07:40:09.670434 [debug]: Finished analyzing [  0.00s] model STAGE_stage.stg_customers [success]
07:40:09.670488 [info ]:  Succeeded [  0.02s] model STAGE_stage.stg_customers (view)
07:40:09.679154 [debug]: Compiled SQL for node model.enterprise_analytics.stg_employees at target\.lsp\compiled\enterprise_analytics\models\staging\stg_employees.sql
07:40:09.679488 [debug]: Finished rendering [  0.03s] model STAGE_stage.stg_employees [success]
07:40:09.679559 [debug]: Started analyzing model STAGE_stage.stg_employees
07:40:09.680954 [debug]: Finished analyzing [  0.00s] model STAGE_stage.stg_employees [success]
07:40:09.681033 [info ]:  Succeeded [  0.03s] model STAGE_stage.stg_employees (view)
07:40:09.681264 [debug]: Compiled SQL for node model.enterprise_analytics.stg_products at target\.lsp\compiled\enterprise_analytics\models\staging\stg_products.sql
07:40:09.681264 [debug]: Compiled SQL for node model.enterprise_analytics.fct_revenue_daily at target\.lsp\compiled\enterprise_analytics\models\facts\fct_revenue_daily.sql
07:40:09.681367 [debug]: Finished rendering [  0.04s] model STAGE_stage.stg_products [success]
07:40:09.681416 [debug]: Started analyzing model STAGE_stage.stg_products
07:40:09.681465 [debug]: Finished rendering [  0.04s] model STAGE_stage.fct_revenue_daily [success]
07:40:09.681493 [debug]: Started analyzing model STAGE_stage.fct_revenue_daily
07:40:09.683904 [debug]: Finished analyzing [  0.00s] model STAGE_stage.stg_products [success]
07:40:09.683965 [info ]:  Succeeded [  0.04s] model STAGE_stage.stg_products (view)
07:40:09.684756 [debug]: Finished analyzing [  0.00s] model STAGE_stage.fct_revenue_daily [success]
07:40:09.684795 [info ]:  Succeeded [  0.04s] model STAGE_stage.fct_revenue_daily (table)
07:40:09.685209 [debug]: Compiled SQL for node model.enterprise_analytics.fct_sales at target\.lsp\compiled\enterprise_analytics\models\facts\fct_sales.sql
07:40:09.685207 [debug]: Compiled SQL for node model.enterprise_analytics.dim_products at target\.lsp\compiled\enterprise_analytics\models\dimensions\dim_products.sql
07:40:09.685355 [debug]: Finished rendering [  0.04s] model STAGE_dimensions.dim_products [success]
07:40:09.685390 [debug]: Started analyzing model STAGE_dimensions.dim_products
07:40:09.685435 [debug]: Finished rendering [  0.04s] model STAGE_stage.fct_sales [success]
07:40:09.685443 [debug]: Started analyzing model STAGE_stage.fct_sales
07:40:09.687013 [debug]: Finished analyzing [  0.00s] model STAGE_dimensions.dim_products [success]
07:40:09.687055 [info ]:  Succeeded [  0.04s] model STAGE_dimensions.dim_products (table)
07:40:09.687772 [debug]: Compiled SQL for node model.enterprise_analytics.dim_employees at target\.lsp\compiled\enterprise_analytics\models\dimensions\dim_employees.sql
07:40:09.687894 [debug]: Finished rendering [  0.04s] model STAGE_dimensions.dim_employees [success]
07:40:09.687930 [debug]: Started analyzing model STAGE_dimensions.dim_employees
07:40:09.688490 [debug]: Compiled SQL for node model.enterprise_analytics.dim_date at target\.lsp\compiled\enterprise_analytics\models\dimensions\dim_date.sql
07:40:09.688609 [debug]: Finished rendering [  0.04s] model STAGE_dimensions.dim_date [success]
07:40:09.688656 [debug]: Started analyzing model STAGE_dimensions.dim_date
07:40:09.688962 [debug]: Finished analyzing [  0.00s] model STAGE_dimensions.dim_employees [success]
07:40:09.688974 [info ]:  Succeeded [  0.04s] model STAGE_dimensions.dim_employees (table)
07:40:09.689290 [debug]: Finished analyzing [  0.00s] model STAGE_dimensions.dim_date [success]
07:40:09.689310 [info ]:  Succeeded [  0.04s] model STAGE_dimensions.dim_date (table)
07:40:09.689897 [debug]: Finished analyzing [  0.00s] model STAGE_stage.fct_sales [success]
07:40:09.689922 [info ]:  Succeeded [  0.04s] model STAGE_stage.fct_sales (table)
07:40:09.690858 [debug]: Compiled SQL for node model.enterprise_analytics.stg_orders at target\.lsp\compiled\enterprise_analytics\models\staging\stg_orders.sql
07:40:09.690992 [debug]: Finished rendering [  0.05s] model STAGE_stage.stg_orders [success]
07:40:09.691016 [debug]: Started analyzing model STAGE_stage.stg_orders
07:40:09.691487 [debug]: Finished analyzing [  0.00s] model STAGE_stage.stg_orders [success]
07:40:09.691497 [info ]:  Succeeded [  0.05s] model STAGE_stage.stg_orders (view)
07:40:09.693200 [debug]: Compiled SQL for node model.enterprise_analytics.dim_customers at target\.lsp\compiled\enterprise_analytics\models\dimensions\dim_customers.sql
07:40:09.693293 [debug]: Finished rendering [  0.04s] model STAGE_dimensions.dim_customers [success]
07:40:09.693306 [info ]: Finished rendering [  0.05s] (14 nodes, 0 skipped, 0 errors)
07:40:09.693318 [debug]: Started analyzing model STAGE_dimensions.dim_customers
07:40:09.693840 [debug]: Finished analyzing [  0.00s] model STAGE_dimensions.dim_customers [success]
07:40:09.693852 [info ]: Finished analyzing [  0.02s] (10 nodes, 0 skipped, 0 errors)
07:40:09.693858 [info ]:  Succeeded [  0.04s] model STAGE_dimensions.dim_customers (table)
07:40:09.697109 [info ]: Started scheduling
07:40:09.697154 [info ]: Finished scheduling [  0.00s]
07:40:09.697691 [info ]: Cached model count updated: 10 models (accurate)
08:22:02.132803 [info ]: Started loading project
08:22:02.148867 [info ]: Loading profiles.yml
08:22:02.181416 [info ]: Started parsing
08:22:02.229309 [info ]: Finished loading project [  0.10s]
08:22:02.235694 [debug]: Finished parsing models\staging\stg_customers.yml [  0.00s]
08:22:02.251775 [debug]: Finished parsing models\staging\stg_customers.sql [  0.01s]
08:22:02.258030 [info ]: Finished parsing [  0.08s]
08:22:02.260170 [info ]: Cached model count updated: 10 models (estimate)
08:22:02.260193 [info ]: Cached model count updated: 10 models (accurate)
08:22:02.260232 [info ]: Started scheduling
08:22:02.260287 [info ]: Finished scheduling [  0.00s]
08:22:02.260300 [debug]: Compilation - 0 nodes selected: {}
08:22:02.262171 [warn ]: [NoNodesForSelectionCriteria (dbt1092)]: The selection criterion '' does not match any enabled nodes
08:22:02.263479 [warn ]: [NoNodesSelected (dbt1601)]: Nothing to do. Try checking your model configs and model specification args
08:22:03.328008 [info ]: Started building task graph
08:22:03.328058 [info ]: Finished building task graph [  0.00s]
08:22:03.333444 [info ]: Started scheduling
08:22:03.333521 [info ]: Finished scheduling [  0.00s]
08:22:03.337469 [info ]: Cached model count updated: 10 models (accurate)
08:22:04.939405 [info ]: Started loading project
08:22:04.940034 [info ]: Loading profiles.yml
08:22:04.964186 [info ]: Cached model count updated: 10 models (estimate)
08:22:04.964209 [info ]: Cached model count updated: 10 models (accurate)
08:22:04.964249 [info ]: Started scheduling
08:22:04.964359 [info ]: Finished scheduling [  0.00s]
08:22:04.964375 [debug]: Compilation - 14 nodes selected: {"model.enterprise_analytics.dim_customers", "model.enterprise_analytics.dim_date", "model.enterprise_analytics.dim_employees", "model.enterprise_analytics.dim_products", "model.enterprise_analytics.fct_revenue_daily", "model.enterprise_analytics.fct_sales", "model.enterprise_analytics.stg_customers", "model.enterprise_analytics.stg_employees", "model.enterprise_analytics.stg_orders", "model.enterprise_analytics.stg_products", "seed.enterprise_analytics.raw_customers", "seed.enterprise_analytics.raw_employees", "seed.enterprise_analytics.raw_orders", "seed.enterprise_analytics.raw_products"}
08:22:04.990711 [info ]: Started building task graph
08:22:04.990807 [info ]: Finished building task graph [  0.00s]
08:22:04.990979 [info ]: Finished loading project [  0.05s]
08:22:05.033967 [info ]: Started rendering (14 nodes)
08:22:05.034060 [info ]: Started seed STAGE.raw_products
08:22:05.034092 [debug]: Started rendering seed STAGE.raw_products
08:22:05.034151 [info ]: Started seed STAGE.raw_orders
08:22:05.034180 [debug]: Started rendering seed STAGE.raw_orders
08:22:05.034212 [info ]: Started seed STAGE.raw_employees
08:22:05.034231 [debug]: Started rendering seed STAGE.raw_employees
08:22:05.034258 [info ]: Started seed STAGE.raw_customers
08:22:05.034276 [debug]: Started rendering seed STAGE.raw_customers
08:22:05.034309 [info ]: Started model STAGE_stage.fct_revenue_daily
08:22:05.034344 [debug]: Started rendering model STAGE_stage.fct_revenue_daily
08:22:05.034403 [info ]: Started model STAGE_stage.fct_sales
08:22:05.034437 [debug]: Started rendering model STAGE_stage.fct_sales
08:22:05.034470 [info ]: Started model STAGE_stage.stg_orders
08:22:05.034492 [debug]: Started rendering model STAGE_stage.stg_orders
08:22:05.034519 [info ]: Started model STAGE_dimensions.dim_products
08:22:05.034538 [debug]: Started rendering model STAGE_dimensions.dim_products
08:22:05.034571 [info ]: Started model STAGE_stage.stg_products
08:22:05.034594 [debug]: Started rendering model STAGE_stage.stg_products
08:22:05.034621 [info ]: Started model STAGE_dimensions.dim_employees
08:22:05.034645 [debug]: Started rendering model STAGE_dimensions.dim_employees
08:22:05.034672 [info ]: Started model STAGE_stage.stg_employees
08:22:05.034691 [debug]: Started rendering model STAGE_stage.stg_employees
08:22:05.034718 [info ]: Started model STAGE_dimensions.dim_date
08:22:05.034737 [debug]: Started rendering model STAGE_dimensions.dim_date
08:22:05.034862 [info ]: Started model STAGE_dimensions.dim_customers
08:22:05.034887 [debug]: Started rendering model STAGE_dimensions.dim_customers
08:22:05.034919 [info ]: Started model STAGE_stage.stg_customers
08:22:05.034937 [debug]: Started rendering model STAGE_stage.stg_customers
08:22:05.035027 [debug]: Finished rendering [  0.00s] seed STAGE.raw_products [success]
08:22:05.035060 [info ]:  Succeeded [-------] seed  STAGE.raw_products (table)
08:22:05.035126 [debug]: Finished rendering [  0.00s] seed STAGE.raw_orders [success]
08:22:05.035144 [info ]:  Succeeded [-------] seed  STAGE.raw_orders (table)
08:22:05.035177 [debug]: Finished rendering [  0.00s] seed STAGE.raw_employees [success]
08:22:05.035192 [info ]:  Succeeded [-------] seed  STAGE.raw_employees (table)
08:22:05.035239 [debug]: Finished rendering [  0.00s] seed STAGE.raw_customers [success]
08:22:05.035266 [info ]:  Succeeded [-------] seed  STAGE.raw_customers (table)
08:22:05.054584 [debug]: Compiled SQL for node model.enterprise_analytics.stg_customers at target\.lsp\compiled\enterprise_analytics\models\staging\stg_customers.sql
08:22:05.055999 [debug]: Finished rendering [  0.02s] model STAGE_stage.stg_customers [success]
08:22:05.056102 [info ]: Started analyzing (10 nodes)
08:22:05.056128 [debug]: Started analyzing model STAGE_stage.stg_customers
08:22:05.057715 [debug]: Finished analyzing [  0.00s] model STAGE_stage.stg_customers [success]
08:22:05.057840 [info ]:  Succeeded [  0.02s] model STAGE_stage.stg_customers (view)
08:22:05.082808 [debug]: Compiled SQL for node model.enterprise_analytics.dim_date at target\.lsp\compiled\enterprise_analytics\models\dimensions\dim_date.sql
08:22:05.083020 [debug]: Finished rendering [  0.05s] model STAGE_dimensions.dim_date [success]
08:22:05.083106 [debug]: Started analyzing model STAGE_dimensions.dim_date
08:22:05.084499 [debug]: Finished analyzing [  0.00s] model STAGE_dimensions.dim_date [success]
08:22:05.084565 [info ]:  Succeeded [  0.05s] model STAGE_dimensions.dim_date (table)
08:22:05.106860 [debug]: Compiled SQL for node model.enterprise_analytics.stg_orders at target\.lsp\compiled\enterprise_analytics\models\staging\stg_orders.sql
08:22:05.107104 [debug]: Finished rendering [  0.07s] model STAGE_stage.stg_orders [success]
08:22:05.107208 [debug]: Started analyzing model STAGE_stage.stg_orders
08:22:05.109317 [debug]: Finished analyzing [  0.00s] model STAGE_stage.stg_orders [success]
08:22:05.109410 [info ]:  Succeeded [  0.07s] model STAGE_stage.stg_orders (view)
08:22:05.110193 [debug]: Compiled SQL for node model.enterprise_analytics.fct_revenue_daily at target\.lsp\compiled\enterprise_analytics\models\facts\fct_revenue_daily.sql
08:22:05.110535 [debug]: Finished rendering [  0.08s] model STAGE_stage.fct_revenue_daily [success]
08:22:05.110625 [debug]: Started analyzing model STAGE_stage.fct_revenue_daily
08:22:05.112267 [debug]: Finished analyzing [  0.00s] model STAGE_stage.fct_revenue_daily [success]
08:22:05.112307 [info ]:  Succeeded [  0.08s] model STAGE_stage.fct_revenue_daily (table)
08:22:05.121549 [debug]: Compiled SQL for node model.enterprise_analytics.fct_sales at target\.lsp\compiled\enterprise_analytics\models\facts\fct_sales.sql
08:22:05.121558 [debug]: Compiled SQL for node model.enterprise_analytics.dim_customers at target\.lsp\compiled\enterprise_analytics\models\dimensions\dim_customers.sql
08:22:05.121755 [debug]: Finished rendering [  0.09s] model STAGE_stage.fct_sales [success]
08:22:05.121849 [debug]: Started analyzing model STAGE_stage.fct_sales
08:22:05.121908 [debug]: Finished rendering [  0.09s] model STAGE_dimensions.dim_customers [success]
08:22:05.121936 [debug]: Started analyzing model STAGE_dimensions.dim_customers
08:22:05.122619 [debug]: Finished analyzing [  0.00s] model STAGE_dimensions.dim_customers [success]
08:22:05.122642 [info ]:  Succeeded [  0.09s] model STAGE_dimensions.dim_customers (table)
08:22:05.124427 [debug]: Compiled SQL for node model.enterprise_analytics.dim_employees at target\.lsp\compiled\enterprise_analytics\models\dimensions\dim_employees.sql
08:22:05.124582 [debug]: Finished rendering [  0.09s] model STAGE_dimensions.dim_employees [success]
08:22:05.124621 [debug]: Started analyzing model STAGE_dimensions.dim_employees
08:22:05.126439 [debug]: Finished analyzing [  0.00s] model STAGE_dimensions.dim_employees [success]
08:22:05.126476 [info ]:  Succeeded [  0.09s] model STAGE_dimensions.dim_employees (table)
08:22:05.126642 [debug]: Finished analyzing [  0.00s] model STAGE_stage.fct_sales [success]
08:22:05.126679 [info ]:  Succeeded [  0.09s] model STAGE_stage.fct_sales (table)
08:22:05.127195 [debug]: Compiled SQL for node model.enterprise_analytics.stg_employees at target\.lsp\compiled\enterprise_analytics\models\staging\stg_employees.sql
08:22:05.127340 [debug]: Finished rendering [  0.09s] model STAGE_stage.stg_employees [success]
08:22:05.127400 [debug]: Started analyzing model STAGE_stage.stg_employees
08:22:05.128220 [debug]: Finished analyzing [  0.00s] model STAGE_stage.stg_employees [success]
08:22:05.128258 [info ]:  Succeeded [  0.09s] model STAGE_stage.stg_employees (view)
08:22:05.140947 [debug]: Compiled SQL for node model.enterprise_analytics.dim_products at target\.lsp\compiled\enterprise_analytics\models\dimensions\dim_products.sql
08:22:05.141144 [debug]: Finished rendering [  0.11s] model STAGE_dimensions.dim_products [success]
08:22:05.141195 [debug]: Started analyzing model STAGE_dimensions.dim_products
08:22:05.141978 [debug]: Finished analyzing [  0.00s] model STAGE_dimensions.dim_products [success]
08:22:05.141994 [info ]:  Succeeded [  0.11s] model STAGE_dimensions.dim_products (table)
08:22:05.151375 [debug]: Compiled SQL for node model.enterprise_analytics.stg_products at target\.lsp\compiled\enterprise_analytics\models\staging\stg_products.sql
08:22:05.151555 [debug]: Finished rendering [  0.12s] model STAGE_stage.stg_products [success]
08:22:05.151589 [info ]: Finished rendering [  0.12s] (14 nodes, 0 skipped, 0 errors)
08:22:05.151631 [debug]: Started analyzing model STAGE_stage.stg_products
08:22:05.152096 [debug]: Finished analyzing [  0.00s] model STAGE_stage.stg_products [success]
08:22:05.152111 [info ]: Finished analyzing [  0.10s] (10 nodes, 0 skipped, 0 errors)
08:22:05.152120 [info ]:  Succeeded [  0.12s] model STAGE_stage.stg_products (view)
08:22:05.156205 [info ]: Started scheduling
08:22:05.156273 [info ]: Finished scheduling [  0.00s]
08:22:05.157196 [info ]: Cached model count updated: 10 models (accurate)
08:39:26.670490 [info ]: Started loading project
08:39:26.671460 [info ]: Loading profiles.yml
08:39:26.682151 [info ]: Started parsing
08:39:26.721664 [info ]: Finished loading project [  0.05s]
08:39:26.725563 [debug]: Finished parsing models\staging\stg_customers.yml [  0.00s]
08:39:26.726699 [debug]: Finished parsing models\staging\stg_customers.sql [  0.00s]
08:39:26.729404 [info ]: Finished parsing [  0.05s]
08:39:26.731263 [info ]: Cached model count updated: 10 models (estimate)
08:39:26.731280 [info ]: Cached model count updated: 10 models (accurate)
08:39:26.731317 [info ]: Started scheduling
08:39:26.731364 [info ]: Finished scheduling [  0.00s]
08:39:26.731374 [debug]: Compilation - 0 nodes selected: {}
08:39:26.731391 [warn ]: [NoNodesForSelectionCriteria (dbt1092)]: The selection criterion '' does not match any enabled nodes
08:39:26.731406 [warn ]: [NoNodesSelected (dbt1601)]: Nothing to do. Try checking your model configs and model specification args
08:39:26.763274 [info ]: Started building task graph
08:39:26.763308 [info ]: Finished building task graph [  0.00s]
08:39:26.767047 [info ]: Started scheduling
08:39:26.767101 [info ]: Finished scheduling [  0.00s]
08:39:26.772191 [info ]: Cached model count updated: 10 models (accurate)
08:39:28.385268 [info ]: Started loading project
08:39:28.386830 [info ]: Loading profiles.yml
08:39:28.418435 [info ]: Cached model count updated: 10 models (estimate)
08:39:28.418454 [info ]: Cached model count updated: 10 models (accurate)
08:39:28.418494 [info ]: Started scheduling
08:39:28.418614 [info ]: Finished scheduling [  0.00s]
08:39:28.418630 [debug]: Compilation - 14 nodes selected: {"model.enterprise_analytics.dim_customers", "model.enterprise_analytics.dim_date", "model.enterprise_analytics.dim_employees", "model.enterprise_analytics.dim_products", "model.enterprise_analytics.fct_revenue_daily", "model.enterprise_analytics.fct_sales", "model.enterprise_analytics.stg_customers", "model.enterprise_analytics.stg_employees", "model.enterprise_analytics.stg_orders", "model.enterprise_analytics.stg_products", "seed.enterprise_analytics.raw_customers", "seed.enterprise_analytics.raw_employees", "seed.enterprise_analytics.raw_orders", "seed.enterprise_analytics.raw_products"}
08:39:28.447604 [info ]: Started building task graph
08:39:28.447725 [info ]: Finished building task graph [  0.00s]
08:39:28.448018 [info ]: Finished loading project [  0.06s]
08:39:28.459201 [info ]: Started rendering (14 nodes)
08:39:28.459251 [info ]: Started seed STAGE.raw_products
08:39:28.459266 [debug]: Started rendering seed STAGE.raw_products
08:39:28.459298 [info ]: Started seed STAGE.raw_orders
08:39:28.459308 [debug]: Started rendering seed STAGE.raw_orders
08:39:28.459321 [info ]: Started seed STAGE.raw_employees
08:39:28.459331 [debug]: Started rendering seed STAGE.raw_employees
08:39:28.459344 [info ]: Started seed STAGE.raw_customers
08:39:28.459356 [debug]: Started rendering seed STAGE.raw_customers
08:39:28.459372 [info ]: Started model STAGE_stage.fct_revenue_daily
08:39:28.459388 [debug]: Started rendering model STAGE_stage.fct_revenue_daily
08:39:28.459406 [info ]: Started model STAGE_stage.fct_sales
08:39:28.459412 [debug]: Started rendering model STAGE_stage.fct_sales
08:39:28.459424 [info ]: Started model STAGE_stage.stg_orders
08:39:28.459472 [debug]: Started rendering model STAGE_stage.stg_orders
08:39:28.459536 [info ]: Started model STAGE_dimensions.dim_products
08:39:28.459559 [debug]: Started rendering model STAGE_dimensions.dim_products
08:39:28.459591 [info ]: Started model STAGE_stage.stg_products
08:39:28.459603 [debug]: Started rendering model STAGE_stage.stg_products
08:39:28.459623 [info ]: Started model STAGE_dimensions.dim_employees
08:39:28.459629 [debug]: Started rendering model STAGE_dimensions.dim_employees
08:39:28.459646 [info ]: Started model STAGE_stage.stg_employees
08:39:28.459659 [debug]: Started rendering model STAGE_stage.stg_employees
08:39:28.459675 [info ]: Started model STAGE_dimensions.dim_date
08:39:28.459682 [debug]: Started rendering model STAGE_dimensions.dim_date
08:39:28.459695 [info ]: Started model STAGE_dimensions.dim_customers
08:39:28.459708 [debug]: Started rendering model STAGE_dimensions.dim_customers
08:39:28.459720 [info ]: Started model STAGE_stage.stg_customers
08:39:28.459726 [debug]: Started rendering model STAGE_stage.stg_customers
08:39:28.459755 [debug]: Finished rendering [  0.00s] seed STAGE.raw_orders [success]
08:39:28.459777 [info ]:  Succeeded [-------] seed  STAGE.raw_orders (table)
08:39:28.459967 [debug]: Finished rendering [  0.00s] seed STAGE.raw_employees [success]
08:39:28.459993 [info ]:  Succeeded [-------] seed  STAGE.raw_employees (table)
08:39:28.460042 [debug]: Finished rendering [  0.00s] seed STAGE.raw_products [success]
08:39:28.460134 [info ]:  Succeeded [-------] seed  STAGE.raw_products (table)
08:39:28.460179 [debug]: Finished rendering [  0.00s] seed STAGE.raw_customers [success]
08:39:28.460196 [info ]:  Succeeded [-------] seed  STAGE.raw_customers (table)
08:39:28.460757 [debug]: Compiled SQL for node model.enterprise_analytics.fct_sales at target\.lsp\compiled\enterprise_analytics\models\facts\fct_sales.sql
08:39:28.460846 [debug]: Compiled SQL for node model.enterprise_analytics.stg_orders at target\.lsp\compiled\enterprise_analytics\models\staging\stg_orders.sql
08:39:28.460862 [debug]: Finished rendering [  0.00s] model STAGE_stage.fct_sales [success]
08:39:28.460908 [info ]: Started analyzing (10 nodes)
08:39:28.460930 [debug]: Started analyzing model STAGE_stage.fct_sales
08:39:28.460976 [debug]: Compiled SQL for node model.enterprise_analytics.dim_date at target\.lsp\compiled\enterprise_analytics\models\dimensions\dim_date.sql
08:39:28.460984 [debug]: Finished rendering [  0.00s] model STAGE_stage.stg_orders [success]
08:39:28.461018 [debug]: Started analyzing model STAGE_stage.stg_orders
08:39:28.461072 [debug]: Finished rendering [  0.00s] model STAGE_dimensions.dim_date [success]
08:39:28.461107 [debug]: Started analyzing model STAGE_dimensions.dim_date
08:39:28.461292 [debug]: Compiled SQL for node model.enterprise_analytics.dim_customers at target\.lsp\compiled\enterprise_analytics\models\dimensions\dim_customers.sql
08:39:28.461496 [debug]: Compiled SQL for node model.enterprise_analytics.dim_products at target\.lsp\compiled\enterprise_analytics\models\dimensions\dim_products.sql
08:39:28.461513 [debug]: Compiled SQL for node model.enterprise_analytics.stg_employees at target\.lsp\compiled\enterprise_analytics\models\staging\stg_employees.sql
08:39:28.461608 [debug]: Compiled SQL for node model.enterprise_analytics.dim_employees at target\.lsp\compiled\enterprise_analytics\models\dimensions\dim_employees.sql
08:39:28.461682 [debug]: Compiled SQL for node model.enterprise_analytics.stg_products at target\.lsp\compiled\enterprise_analytics\models\staging\stg_products.sql
08:39:28.461997 [debug]: Finished analyzing [  0.00s] model STAGE_dimensions.dim_date [success]
08:39:28.462040 [info ]:  Succeeded [  0.00s] model STAGE_dimensions.dim_date (table)
08:39:28.462087 [debug]: Finished rendering [  0.00s] model STAGE_dimensions.dim_customers [success]
08:39:28.462115 [debug]: Started analyzing model STAGE_dimensions.dim_customers
08:39:28.462148 [debug]: Finished analyzing [  0.00s] model STAGE_stage.stg_orders [success]
08:39:28.462178 [info ]:  Succeeded [  0.00s] model STAGE_stage.stg_orders (view)
08:39:28.462206 [debug]: Finished rendering [  0.00s] model STAGE_dimensions.dim_products [success]
08:39:28.462220 [debug]: Started analyzing model STAGE_dimensions.dim_products
08:39:28.462239 [debug]: Finished rendering [  0.00s] model STAGE_stage.stg_employees [success]
08:39:28.462255 [debug]: Started analyzing model STAGE_stage.stg_employees
08:39:28.462274 [debug]: Finished rendering [  0.00s] model STAGE_dimensions.dim_employees [success]
08:39:28.462288 [debug]: Started analyzing model STAGE_dimensions.dim_employees
08:39:28.462304 [debug]: Finished rendering [  0.00s] model STAGE_stage.stg_products [success]
08:39:28.462315 [debug]: Started analyzing model STAGE_stage.stg_products
08:39:28.462715 [debug]: Compiled SQL for node model.enterprise_analytics.stg_customers at target\.lsp\compiled\enterprise_analytics\models\staging\stg_customers.sql
08:39:28.462840 [debug]: Finished analyzing [  0.00s] model STAGE_stage.stg_employees [success]
08:39:28.462867 [info ]:  Succeeded [  0.00s] model STAGE_stage.stg_employees (view)
08:39:28.462914 [debug]: Finished analyzing [  0.00s] model STAGE_stage.stg_products [success]
08:39:28.462924 [info ]:  Succeeded [  0.00s] model STAGE_stage.stg_products (view)
08:39:28.462945 [debug]: Finished rendering [  0.00s] model STAGE_stage.stg_customers [success]
08:39:28.462962 [debug]: Started analyzing model STAGE_stage.stg_customers
08:39:28.462984 [debug]: Finished analyzing [  0.00s] model STAGE_dimensions.dim_customers [success]
08:39:28.462995 [info ]:  Succeeded [  0.00s] model STAGE_dimensions.dim_customers (table)
08:39:28.463054 [debug]: Finished analyzing [  0.00s] model STAGE_dimensions.dim_products [success]
08:39:28.463081 [info ]:  Succeeded [  0.00s] model STAGE_dimensions.dim_products (table)
08:39:28.463408 [debug]: Finished analyzing [  0.00s] model STAGE_stage.stg_customers [success]
08:39:28.463438 [info ]:  Succeeded [  0.00s] model STAGE_stage.stg_customers (view)
08:39:28.463474 [debug]: Compiled SQL for node model.enterprise_analytics.fct_revenue_daily at target\.lsp\compiled\enterprise_analytics\models\facts\fct_revenue_daily.sql
08:39:28.463546 [debug]: Finished rendering [  0.00s] model STAGE_stage.fct_revenue_daily [success]
08:39:28.463573 [info ]: Finished rendering [  0.00s] (14 nodes, 0 skipped, 0 errors)
08:39:28.463597 [debug]: Started analyzing model STAGE_stage.fct_revenue_daily
08:39:28.463652 [debug]: Finished analyzing [  0.00s] model STAGE_dimensions.dim_employees [success]
08:39:28.463689 [info ]:  Succeeded [  0.00s] model STAGE_dimensions.dim_employees (table)
08:39:28.464456 [debug]: Finished analyzing [  0.00s] model STAGE_stage.fct_revenue_daily [success]
08:39:28.464493 [info ]:  Succeeded [  0.00s] model STAGE_stage.fct_revenue_daily (table)
08:39:28.464993 [debug]: Finished analyzing [  0.00s] model STAGE_stage.fct_sales [success]
08:39:28.465017 [info ]: Finished analyzing [  0.00s] (10 nodes, 0 skipped, 0 errors)
08:39:28.465026 [info ]:  Succeeded [  0.01s] model STAGE_stage.fct_sales (table)
08:39:28.472326 [info ]: Started scheduling
08:39:28.472397 [info ]: Finished scheduling [  0.00s]
08:39:28.473241 [info ]: Cached model count updated: 10 models (accurate)
